split,window_start,window_end,window_index,fault_label,Freq_Hz,WHP_barg,BHP_barg,WHT_C,Motor_T_C,I_A,V_V,BHT_C,settings_cluster,settings_strength,response_cluster,response_strength
Train,2027-01-01 00:00:00,2027-01-01 00:29:00,0,NONE,40.0,15.04,133.195,51.82,67.65,70.72,1659.725,59.15,0,0.5000000000001564,0,0.044569884888062766
Train,2027-01-01 00:30:00,2027-01-01 00:59:00,1,NONE,40.0,15.07,133.0,51.825,68.5,70.75,1659.35,59.15,0,0.2500000000000978,0,0.07415716110663581
Train,2027-01-01 01:00:00,2027-01-01 01:29:00,2,NONE,40.0,14.96,133.06,51.835,68.98,70.725,1663.06,59.15,0,0.5000000000002347,0,0.1159550732278507
Train,2027-01-01 01:30:00,2027-01-01 01:59:00,3,NONE,40.0,15.004999999999999,133.01,51.825,69.23,70.51,1657.4450000000002,59.15,0,1.0,0,0.15608006010627382
Train,2027-01-01 02:00:00,2027-01-01 02:29:00,4,NONE,40.0,14.97,132.95,51.84,69.36,70.64500000000001,1660.87,59.15,0,0.5000000000002347,0,0.203634976014588
Train,2027-01-01 02:30:00,2027-01-01 02:59:00,5,NONE,40.0,14.985,133.035,51.83,69.53,70.74000000000001,1663.55,59.15,0,1.0,0,0.28366750361296134
Train,2027-01-01 03:00:00,2027-01-01 03:29:00,6,NONE,40.0,14.96,133.05,51.83,69.66,70.5,1661.52,59.15,0,0.5000000000002347,0,0.437994001443903
Train,2027-01-01 03:30:00,2027-01-01 03:59:00,7,NONE,40.0,14.98,133.115,51.82,69.78,70.60499999999999,1658.835,59.15,0,0.5000000000002347,0,0.6111974915834743
Train,2027-01-01 04:00:00,2027-01-01 04:29:00,8,NONE,40.0,14.98,133.03,51.83,69.91,70.69,1661.955,59.15,0,0.5000000000002347,0,0.959449820650184
Train,2027-01-01 04:30:00,2027-01-01 04:59:00,9,NONE,40.0,14.99,133.29000000000002,51.81,69.98,70.555,1658.16,59.15,0,1.0,0,0.6825967744920832
Train,2027-01-01 05:00:00,2027-01-01 05:29:00,10,NONE,40.0,14.915,133.065,51.84,69.92,70.555,1656.9450000000002,59.15,0,0.12500000000004402,0,0.6097249546252577
Train,2027-01-01 05:30:00,2027-01-01 05:59:00,11,NONE,40.0,14.965,133.185,51.83,69.89,70.64500000000001,1657.48,59.15,0,0.5000000000001564,0,0.7667976461661237
Train,2027-01-01 06:00:00,2027-01-01 06:29:00,12,NONE,40.0,14.955,133.165,51.83,69.92,70.44,1663.7849999999999,59.15,0,0.3333333333334377,0,0.8537263111777875
Train,2027-01-01 06:30:00,2027-01-01 06:59:00,13,NONE,40.0,15.0,133.025,51.84,69.955,70.62,1665.34,59.15,0,1.0,0,0.5974013005464387
Train,2027-01-01 07:00:00,2027-01-01 07:29:00,14,NONE,40.0,15.03,133.03,51.82,69.965,70.65,1664.505,59.15,0,0.5000000000001564,0,0.6374946380843055
Train,2027-01-01 07:30:00,2027-01-01 07:59:00,15,NONE,40.0,15.04,132.97,51.83,69.93,70.79,1662.395,59.15,0,0.5000000000001564,0,0.959449820650184
Train,2027-01-01 08:00:00,2027-01-01 08:29:00,16,NONE,40.0,15.06,132.885,51.83,69.94,70.74000000000001,1658.76,59.15,0,0.3333333333335072,0,0.8561662232006018
Train,2027-01-01 08:30:00,2027-01-01 08:59:00,17,NONE,40.0,14.94,133.14,51.81,69.87,70.735,1662.58,59.14,0,0.2500000000000587,0,0.6773561331972502
Train,2027-01-01 09:00:00,2027-01-01 09:29:00,18,NONE,40.0,14.925,132.905,51.82,69.83500000000001,70.59,1659.415,59.15,0,0.16666666666673619,0,0.8561662232006018
Train,2027-01-01 09:30:00,2027-01-01 09:59:00,19,NONE,40.0,14.95,132.95499999999998,51.83,69.85499999999999,70.52,1661.76,59.15,0,0.2500000000000782,0,0.959449820650184
Train,2027-01-01 10:00:00,2027-01-01 10:29:00,20,NONE,40.0,15.02,133.1,51.84,69.755,70.63,1660.215,59.15,0,0.5000000000002347,0,0.6096973020745782
Train,2027-01-01 10:30:00,2027-01-01 10:59:00,21,NONE,40.0,15.0,132.91,51.85,69.78,70.74000000000001,1660.435,59.15,0,1.0,0,0.6936743416858835
Train,2027-01-01 11:00:00,2027-01-01 11:29:00,22,NONE,40.0,14.925,132.81,51.855000000000004,69.79,70.83500000000001,1657.52,59.15,0,0.16666666666673619,0,0.608255715323802
Train,2027-01-01 11:30:00,2027-01-01 11:59:00,23,NONE,40.0,14.995000000000001,132.94,51.86,69.93,70.62,1659.005,59.15,0,1.0,0,0.8986941161704469
Train,2027-01-01 12:00:00,2027-01-01 12:29:00,24,NONE,40.0,14.995000000000001,133.125,51.835,69.945,70.67,1658.7649999999999,59.15,0,1.0,0,0.8338828170297072
Train,2027-01-01 12:30:00,2027-01-01 12:59:00,25,NONE,40.0,15.004999999999999,133.065,51.85,70.0,70.64500000000001,1660.1399999999999,59.155,0,1.0,0,0.7970127564887391
Train,2027-01-01 13:00:00,2027-01-01 13:29:00,26,NONE,40.0,15.03,132.99,51.85,70.015,70.76,1660.23,59.155,0,0.5000000000001564,0,0.7447807583430122
Train,2027-01-01 13:30:00,2027-01-01 13:59:00,27,NONE,40.0,15.01,133.04500000000002,51.83,70.02,70.61,1662.855,59.15,0,1.0,0,0.6149636751243569
Train,2027-01-01 14:00:00,2027-01-01 14:29:00,28,NONE,40.0,15.045,133.07,51.855000000000004,69.99,70.905,1659.935,59.16,0,0.5000000000001564,0,0.7341860728465456
Train,2027-01-01 14:30:00,2027-01-01 14:59:00,29,NONE,40.0,15.05,133.11,51.86,69.96,70.785,1663.17,59.16,0,0.5000000000000783,0,0.8649261314074144
Train,2027-01-01 15:00:00,2027-01-01 15:29:00,30,NONE,40.0,15.06,132.91,51.86,69.86,70.72,1664.05,59.165,0,0.3333333333335072,0,0.7753494990459429
Train,2027-01-01 15:30:00,2027-01-01 15:59:00,31,NONE,40.0,15.01,132.82999999999998,51.87,69.85,70.765,1663.0,59.16,0,1.0,0,0.9048903663726509
Train,2027-01-01 16:00:00,2027-01-01 16:29:00,32,NONE,40.0,14.99,133.01,51.85,69.86,70.59,1657.905,59.16,0,1.0,0,0.8408145844736401
Train,2027-01-01 16:30:00,2027-01-01 16:59:00,33,NONE,40.0,15.01,132.945,51.86,69.88,70.60499999999999,1658.33,59.16,0,1.0,0,0.9167809188821773
Train,2027-01-01 17:00:00,2027-01-01 17:29:00,34,NONE,40.0,15.004999999999999,132.93,51.85,69.86500000000001,70.75,1662.535,59.16,0,1.0,0,0.959449820650184
Train,2027-01-01 17:30:00,2027-01-01 17:59:00,35,NONE,40.0,14.99,132.93,51.85,69.87,70.86,1661.745,59.16,0,1.0,0,0.959449820650184
Train,2027-01-01 18:00:00,2027-01-01 18:29:00,36,NONE,40.0,14.98,133.07999999999998,51.84,69.9,70.58500000000001,1661.0900000000001,59.16,0,0.5000000000002347,0,0.959449820650184
Train,2027-01-01 18:30:00,2027-01-01 18:59:00,37,NONE,40.0,15.05,133.025,51.85,69.86,70.765,1663.185,59.16,0,0.5000000000000783,0,0.959449820650184
Train,2027-01-01 19:00:00,2027-01-01 19:29:00,38,NONE,40.0,15.015,133.095,51.85,69.84,70.79,1665.46,59.16,0,1.0,0,0.6193978691067901
Train,2027-01-01 19:30:00,2027-01-01 19:59:00,39,NONE,40.0,15.0,133.24,51.82,69.86,70.535,1661.46,59.16,0,1.0,0,0.959449820650184
Train,2027-01-01 20:00:00,2027-01-01 20:29:00,40,NONE,40.0,15.065000000000001,133.29500000000002,51.82,69.85,70.445,1662.0149999999999,59.16,0,0.3333333333334377,0,0.8799050304073154
Train,2027-01-01 20:30:00,2027-01-01 20:59:00,41,NONE,40.0,15.1,133.18,51.84,69.85,70.68,1662.585,59.165,0,0.1250000000000489,0,0.959449820650184
Train,2027-01-01 21:00:00,2027-01-01 21:29:00,42,NONE,40.0,15.01,132.905,51.85,69.92,70.81,1661.1100000000001,59.165,0,1.0,0,0.9364350440369344
Train,2027-01-01 21:30:00,2027-01-01 21:59:00,43,NONE,40.0,15.01,132.655,51.86,69.85,70.8,1659.9299999999998,59.17,0,1.0,0,0.9167809188821773
Train,2027-01-01 22:00:00,2027-01-01 22:29:00,44,NONE,40.0,14.97,132.85,51.85,69.86,70.755,1658.495,59.17,0,0.5000000000002347,0,0.8744171185290773
Train,2027-01-01 22:30:00,2027-01-01 22:59:00,45,NONE,40.0,14.99,132.89,51.84,69.89,70.815,1658.7399999999998,59.17,0,1.0,0,0.9151074160011958
Train,2027-01-01 23:00:00,2027-01-01 23:29:00,46,NONE,40.0,15.03,132.99,51.82,69.975,70.66,1659.29,59.17,0,0.5000000000001564,0,0.93475782502059
Train,2027-01-01 23:30:00,2027-01-01 23:59:00,47,NONE,40.0,15.075,133.08,51.84,69.93,70.6,1664.455,59.18,0,0.2000000000000876,0,0.7449539670095122
Train,2027-01-02 00:00:00,2027-01-02 00:29:00,48,NONE,40.0,15.035,133.005,51.85,69.95,70.57499999999999,1659.4650000000001,59.18,0,0.5000000000001564,0,1.0
Train,2027-01-02 00:30:00,2027-01-02 00:59:00,49,NONE,40.0,14.99,133.095,51.83,69.93,70.69,1661.38,59.18,0,1.0,0,1.0
Train,2027-01-02 01:00:00,2027-01-02 01:29:00,50,NONE,40.0,14.96,133.22,51.815,70.0,70.765,1662.0,59.18,0,0.5000000000002347,0,0.7658311450587635
Train,2027-01-02 01:30:00,2027-01-02 01:59:00,51,NONE,40.0,15.01,132.87,51.855000000000004,69.975,70.695,1658.5349999999999,59.18,0,1.0,0,1.0
Train,2027-01-02 02:00:00,2027-01-02 02:29:00,52,NONE,40.0,14.99,132.915,51.87,69.87,70.505,1660.905,59.18,0,1.0,0,1.0
Train,2027-01-02 02:30:00,2027-01-02 02:59:00,53,NONE,40.0,14.93,133.05,51.855000000000004,69.94,70.78999999999999,1658.48,59.18,0,0.1666666666667275,0,1.0
Train,2027-01-02 03:00:00,2027-01-02 03:29:00,54,NONE,40.0,15.04,133.035,51.84,69.95,70.905,1653.85,59.18,0,0.5000000000001564,0,0.4960271794009799
Train,2027-01-02 03:30:00,2027-01-02 03:59:00,55,NONE,40.0,15.09,133.005,51.85,69.91,70.705,1658.6999999999998,59.18,0,0.14285714285719395,0,1.0
Train,2027-01-02 04:00:00,2027-01-02 04:29:00,56,NONE,40.0,14.99,132.89499999999998,51.87,69.805,70.6,1658.51,59.18,0,1.0,0,0.8277774451817262
Train,2027-01-02 04:30:00,2027-01-02 04:59:00,57,NONE,40.0,15.015,132.86,51.88,69.935,70.69,1658.725,59.19,0,1.0,0,1.0
Train,2027-01-02 05:00:00,2027-01-02 05:29:00,58,NONE,40.0,14.975000000000001,133.065,51.86,69.94,70.72,1655.935,59.19,0,0.5000000000003129,0,0.7759233362828649
Train,2027-01-02 05:30:00,2027-01-02 05:59:00,59,NONE,40.0,14.9,133.01,51.88,69.98,70.57499999999999,1657.46,59.185,0,0.09090909090912452,0,0.9753582252166559
Train,2027-01-02 06:00:00,2027-01-02 06:29:00,60,NONE,40.0,15.03,133.16500000000002,51.864999999999995,70.03,70.61500000000001,1656.55,59.18,0,0.5000000000001564,0,0.7714728588114365
Train,2027-01-02 06:30:00,2027-01-02 06:59:00,61,NONE,40.0,15.03,133.18,51.84,70.12,70.705,1656.92,59.19,0,0.5000000000001564,0,0.5169188202296364
Train,2027-01-02 07:00:00,2027-01-02 07:29:00,62,NONE,40.0,15.125,133.155,51.845,70.14,70.485,1657.37,59.19,0,0.07692307692310654,0,0.48214394661510473
Train,2027-01-02 07:30:00,2027-01-02 07:59:00,63,NONE,40.0,14.975000000000001,133.18,51.84,70.01,70.65,1659.37,59.18,0,0.5000000000003129,0,0.9723758368930276
Train,2027-01-02 08:00:00,2027-01-02 08:29:00,64,NONE,40.0,15.14,133.025,51.85,69.975,70.83,1662.54,59.18,0,0.06250000000002323,0,0.8371647540170244
Train,2027-01-02 08:30:00,2027-01-02 08:59:00,65,NONE,40.0,15.07,133.035,51.85,69.9,70.72,1661.04,59.18,0,0.2500000000000978,0,0.9803579186352583
Train,2027-01-02 09:00:00,2027-01-02 09:29:00,66,NONE,40.0,15.04,133.115,51.835,69.85499999999999,70.705,1661.755,59.18,0,0.5000000000001564,0,1.0
Train,2027-01-02 09:30:00,2027-01-02 09:59:00,67,NONE,40.0,15.03,133.065,51.83,69.82,70.75,1661.495,59.18,0,0.5000000000001564,0,0.8748200327888417
Train,2027-01-02 10:00:00,2027-01-02 10:29:00,68,NONE,40.0,15.04,133.09,51.84,69.87,70.725,1662.82,59.18,0,0.5000000000001564,0,1.0
Train,2027-01-02 10:30:00,2027-01-02 10:59:00,69,NONE,40.0,15.0,133.01999999999998,51.84,69.97,70.57499999999999,1661.13,59.18,0,1.0,0,0.9194694570574664
Train,2027-01-02 11:00:00,2027-01-02 11:29:00,70,NONE,40.0,14.97,132.91,51.85,69.99,70.83,1659.7350000000001,59.18,0,0.5000000000002347,0,1.0
Train,2027-01-02 11:30:00,2027-01-02 11:59:00,71,NONE,40.0,15.05,133.1,51.83,69.9,70.83,1659.1100000000001,59.19,0,0.5000000000000783,0,1.0
Train,2027-01-02 12:00:00,2027-01-02 12:29:00,72,NONE,40.0,14.945,132.95499999999998,51.85,69.88,70.72,1657.0149999999999,59.19,0,0.2500000000000978,0,0.8615089170805377
Train,2027-01-02 12:30:00,2027-01-02 12:59:00,73,NONE,40.0,15.035,133.01999999999998,51.87,69.89,70.805,1659.94,59.18,0,0.5000000000001564,0,1.0
Train,2027-01-02 13:00:00,2027-01-02 13:29:00,74,NONE,40.0,15.13,132.95,51.88,69.86,70.88,1659.8600000000001,59.19,0,0.07142857142859697,0,1.0
Train,2027-01-02 13:30:00,2027-01-02 13:59:00,75,NONE,40.0,15.05,132.79000000000002,51.9,69.86500000000001,70.77000000000001,1662.23,59.19,0,0.5000000000000783,0,0.9796201810789188
Train,2027-01-02 14:00:00,2027-01-02 14:29:00,76,NONE,40.0,15.01,132.89,51.9,69.88499999999999,70.735,1659.7,59.19,0,1.0,0,1.0
Train,2027-01-02 14:30:00,2027-01-02 14:59:00,77,NONE,40.0,14.985,132.9,51.894999999999996,69.9,70.75,1662.5900000000001,59.19,0,1.0,0,0.886362780795572
Train,2027-01-02 15:00:00,2027-01-02 15:29:00,78,NONE,40.0,15.0,132.79000000000002,51.92,69.84,70.715,1661.22,59.19,0,1.0,0,0.8587210837841872
Train,2027-01-02 15:30:00,2027-01-02 15:59:00,79,NONE,40.0,14.985,132.85,51.89,69.74,70.745,1662.595,59.19,0,1.0,0,0.6179309907355003
Train,2027-01-02 16:00:00,2027-01-02 16:29:00,80,NONE,40.0,15.004999999999999,132.935,51.87,69.73,70.75,1662.96,59.19,0,1.0,0,0.6045531553178777
Train,2027-01-02 16:30:00,2027-01-02 16:59:00,81,NONE,40.0,14.995000000000001,132.785,51.87,69.77,70.78999999999999,1659.8600000000001,59.19,0,1.0,0,0.7927251905865281
Train,2027-01-02 17:00:00,2027-01-02 17:29:00,82,NONE,40.0,15.02,132.82,51.86,69.76,70.60499999999999,1663.025,59.19,0,0.5000000000002347,0,0.7130520302394924
Train,2027-01-02 17:30:00,2027-01-02 17:59:00,83,NONE,40.0,14.99,132.92,51.85,69.79,70.79,1662.225,59.18,0,1.0,0,0.8655481844950058
Train,2027-01-02 18:00:00,2027-01-02 18:29:00,84,NONE,40.0,14.97,132.905,51.86,69.83,70.66,1660.76,59.19,0,0.5000000000002347,0,1.0
Train,2027-01-02 18:30:00,2027-01-02 18:59:00,85,NONE,40.0,15.02,133.01,51.84,69.805,70.81,1656.88,59.18,0,0.5000000000002347,0,0.6457875963207919
Train,2027-01-02 19:00:00,2027-01-02 19:29:00,86,NONE,40.0,15.055,133.03500000000003,51.864999999999995,69.985,70.62,1658.1999999999998,59.18,0,0.3333333333334377,0,1.0
Train,2027-01-02 19:30:00,2027-01-02 19:59:00,87,NONE,40.0,15.0,133.12,51.85,70.035,70.53999999999999,1656.87,59.19,0,1.0,0,0.756753392358822
Train,2027-01-02 20:00:00,2027-01-02 20:29:00,88,NONE,40.0,15.03,132.89499999999998,51.86,70.02,70.76,1655.37,59.185,0,0.5000000000001564,0,0.6148759942401439
Train,2027-01-02 20:30:00,2027-01-02 20:59:00,89,NONE,40.0,15.01,132.86,51.864999999999995,69.91499999999999,70.775,1656.85,59.18,0,1.0,0,0.8712669869875248
Train,2027-01-02 21:00:00,2027-01-02 21:29:00,90,NONE,40.0,15.0,132.90499999999997,51.85,69.82,70.85499999999999,1659.73,59.18,0,1.0,0,1.0
Train,2027-01-02 21:30:00,2027-01-02 21:59:00,91,NONE,40.0,14.955,133.005,51.83,69.83,70.69,1658.88,59.19,0,0.3333333333334377,0,0.8942242006158416
Train,2027-01-02 22:00:00,2027-01-02 22:29:00,92,NONE,40.0,15.01,133.265,51.8,69.94,70.65,1658.8600000000001,59.19,0,1.0,0,0.9099153631771509
Train,2027-01-02 22:30:00,2027-01-02 22:59:00,93,NONE,40.0,15.02,133.15,51.82,69.965,70.82,1659.245,59.19,0,0.5000000000002347,0,1.0
Train,2027-01-02 23:00:00,2027-01-02 23:29:00,94,NONE,40.0,14.995000000000001,133.005,51.83,69.945,70.78,1658.7649999999999,59.19,0,1.0,0,1.0
Train,2027-01-02 23:30:00,2027-01-02 23:59:00,95,NONE,40.0,14.975000000000001,132.99,51.85,69.94,70.67,1662.995,59.19,0,0.5000000000003129,0,0.9089592356395209
Train,2027-01-03 00:00:00,2027-01-03 00:29:00,96,NONE,40.0,14.915,132.88,51.86,69.9,70.70500000000001,1663.82,59.19,0,0.12500000000004402,0,0.7495077895911185
Train,2027-01-03 00:30:00,2027-01-03 00:59:00,97,NONE,40.0,14.88,132.93,51.84,69.91499999999999,70.88499999999999,1663.25,59.185,0,0.0666666666666917,0,0.9872494394926639
Train,2027-01-03 01:00:00,2027-01-03 01:29:00,98,NONE,40.0,14.97,133.155,51.84,69.9,70.64,1663.69,59.19,0,0.5000000000002347,0,0.7989957541834277
Train,2027-01-03 01:30:00,2027-01-03 01:59:00,99,NONE,40.0,15.075,133.15,51.85,69.95,70.68,1659.5949999999998,59.19,0,0.2000000000000876,0,1.0
Train,2027-01-03 02:00:00,2027-01-03 02:29:00,100,NONE,40.0,15.015,133.08,51.85,70.05,70.72,1660.8899999999999,59.19,0,1.0,0,0.6839298261524902
Train,2027-01-03 12:30:00,2027-01-03 12:59:00,121,NONE,50.0,24.96,114.88,53.144999999999996,66.69,83.09,2072.745,59.17,6,1.0,5,0.8943078084486594
Train,2027-01-03 13:00:00,2027-01-03 13:29:00,122,NONE,50.0,24.98,114.91499999999999,53.14,66.69,83.055,2076.1499999999996,59.17,11,1.0,5,0.8649749088660075
Train,2027-01-03 13:30:00,2027-01-03 13:59:00,123,NONE,50.0,25.0,114.985,53.14,66.62,83.125,2077.96,59.17,-1,0.0,5,0.900558248677836
Train,2027-01-03 14:00:00,2027-01-03 14:29:00,124,NONE,50.0,25.035,115.0,53.14,66.45,82.815,2074.75,59.17,9,1.0,5,1.0
Train,2027-01-03 14:30:00,2027-01-03 14:59:00,125,NONE,50.0,25.015,115.14,53.14,66.485,82.98,2076.76,59.17,8,1.0,5,1.0
Train,2027-01-03 15:00:00,2027-01-03 15:29:00,126,NONE,50.0,24.98,115.08500000000001,53.135000000000005,66.62,82.975,2078.06,59.17,11,1.0,5,0.91301388864424
Train,2027-01-03 15:30:00,2027-01-03 15:59:00,127,NONE,50.0,25.075,115.195,53.15,66.625,82.94999999999999,2074.75,59.17,-1,0.0,5,1.0
Train,2027-01-03 16:00:00,2027-01-03 16:29:00,128,NONE,50.0,25.12,115.34,53.14,66.63,82.995,2072.41,59.175,-1,0.0,5,1.0
Train,2027-01-03 16:30:00,2027-01-03 16:59:00,129,NONE,50.0,24.97,115.09,53.15,66.62,83.125,2072.63,59.17,6,1.0,5,1.0
Train,2027-01-03 17:00:00,2027-01-03 17:29:00,130,NONE,50.0,24.97,115.095,53.15,66.51,82.99,2078.5299999999997,59.17,6,1.0,5,1.0
Train,2027-01-03 17:30:00,2027-01-03 17:59:00,131,NONE,50.0,24.994999999999997,115.02,53.16,66.53,83.02,2073.92,59.18,12,0.0,5,1.0
Train,2027-01-03 18:00:00,2027-01-03 18:29:00,132,NONE,50.0,25.06,115.02,53.16,66.62,83.13,2073.8450000000003,59.18,10,1.0,5,1.0
Train,2027-01-03 18:30:00,2027-01-03 18:59:00,133,NONE,50.0,24.985,115.045,53.15,66.61,82.94,2077.88,59.18,-1,0.0,5,1.0
Train,2027-01-03 19:00:00,2027-01-03 19:29:00,134,NONE,50.0,25.055,115.03,53.144999999999996,66.53,83.06,2076.2650000000003,59.18,10,1.0,5,1.0
Train,2027-01-03 19:30:00,2027-01-03 19:59:00,135,NONE,50.0,25.064999999999998,114.91499999999999,53.14,66.515,83.005,2078.4700000000003,59.18,10,0.9999999999999989,5,1.0
Train,2027-01-03 20:00:00,2027-01-03 20:29:00,136,NONE,50.0,25.049999999999997,114.885,53.16,66.53,83.19,2072.46,59.19,10,1.0,5,1.0
Train,2027-01-03 20:30:00,2027-01-03 20:59:00,137,NONE,50.0,25.04,114.88499999999999,53.17,66.53999999999999,83.18,2071.995,59.19,9,1.0,5,1.0
Train,2027-01-03 21:00:00,2027-01-03 21:29:00,138,NONE,50.0,24.99,114.85,53.18,66.52,83.05,2077.225,59.185,12,1.0,5,1.0
Train,2027-01-03 21:30:00,2027-01-03 21:59:00,139,NONE,50.0,24.985,115.04,53.16,66.58,82.905,2076.84,59.19,12,0.0,5,1.0
Train,2027-01-03 22:00:00,2027-01-03 22:29:00,140,NONE,50.0,25.07,114.96,53.15,66.57,82.815,2073.4849999999997,59.195,-1,0.0,5,1.0
Train,2027-01-03 22:30:00,2027-01-03 22:59:00,141,NONE,50.0,25.03,115.155,53.14,66.62,82.83,2076.56,59.19,9,1.0,5,1.0
Train,2027-01-03 23:00:00,2027-01-03 23:29:00,142,NONE,50.0,25.08,114.975,53.15,66.535,82.94,2073.3450000000003,59.2,-1,0.0,5,1.0
Train,2027-01-03 23:30:00,2027-01-03 23:59:00,143,NONE,50.0,25.01,114.96,53.15,66.525,83.045,2073.21,59.2,8,1.0,5,1.0
Train,2027-01-04 00:00:00,2027-01-04 00:29:00,144,NONE,50.0,25.0,115.15,53.15,66.525,82.89500000000001,2075.68,59.2,-1,0.0,5,1.0
Train,2027-01-04 00:30:00,2027-01-04 00:59:00,145,NONE,50.0,24.99,115.0,53.155,66.58,83.03,2074.755,59.2,12,1.0,5,1.0
Train,2027-01-04 01:00:00,2027-01-04 01:29:00,146,NONE,50.0,24.99,115.14500000000001,53.14,66.595,82.94999999999999,2073.67,59.2,12,1.0,5,1.0
Train,2027-01-04 01:30:00,2027-01-04 01:59:00,147,NONE,50.0,25.025,114.97999999999999,53.14,66.56,83.12,2074.95,59.2,8,1.0,5,1.0
Train,2027-01-04 02:00:00,2027-01-04 02:29:00,148,NONE,50.0,25.0,114.945,53.155,66.465,83.12,2074.5699999999997,59.2,-1,0.0,5,1.0
Train,2027-01-04 02:30:00,2027-01-04 02:59:00,149,NONE,50.0,25.005000000000003,115.14,53.14,66.53,82.82499999999999,2081.605,59.21,8,1.0,5,0.5971386435371482
Train,2027-01-04 03:00:00,2027-01-04 03:29:00,150,NONE,50.0,24.935000000000002,114.85499999999999,53.16,66.525,82.96000000000001,2076.015,59.21,7,0.9999999999999989,5,1.0
Train,2027-01-04 03:30:00,2027-01-04 03:59:00,151,NONE,50.0,24.925,114.765,53.15,66.55,83.095,2075.5,59.21,7,0.99999999999929,5,1.0
Train,2027-01-04 04:00:00,2027-01-04 04:29:00,152,NONE,50.0,24.99,115.01,53.14,66.55,83.18,2081.665,59.21,12,1.0,5,0.5492093263343913
Train,2027-01-04 04:30:00,2027-01-04 04:59:00,153,NONE,50.0,25.06,114.93,53.16,66.54,82.93,2078.68,59.2,10,1.0,5,1.0
Train,2027-01-04 05:00:00,2027-01-04 05:29:00,154,NONE,50.0,25.07,114.945,53.16,66.48,83.035,2076.83,59.2,-1,0.0,5,1.0
Train,2027-01-04 05:30:00,2027-01-04 05:59:00,155,NONE,50.0,24.975,115.185,53.15,66.495,82.83,2072.4399999999996,59.2,11,1.0,5,1.0
Train,2027-01-04 06:00:00,2027-01-04 06:29:00,156,NONE,50.0,24.985,114.985,53.16,66.515,82.99,2076.2,59.2,12,0.0,5,1.0
Train,2027-01-04 06:30:00,2027-01-04 06:59:00,157,NONE,50.0,24.94,115.19,53.15,66.46,82.91,2070.735,59.19,7,1.0,5,0.951475852878045
Train,2027-01-04 07:00:00,2027-01-04 07:29:00,158,NONE,50.0,24.975,114.94,53.17,66.49,83.15,2077.1099999999997,59.2,11,1.0,5,1.0
Train,2027-01-04 07:30:00,2027-01-04 07:59:00,159,NONE,50.0,25.009999999999998,114.795,53.19,66.535,83.06,2076.54,59.2,8,1.0,5,1.0
Train,2027-01-04 08:00:00,2027-01-04 08:29:00,160,NONE,50.0,24.98,114.81,53.17,66.62,83.14,2072.48,59.2,11,1.0,5,1.0
Train,2027-01-04 08:30:00,2027-01-04 08:59:00,161,NONE,50.0,24.97,114.79,53.17,66.64,83.17500000000001,2075.5,59.2,6,1.0,5,1.0
Train,2027-01-04 09:00:00,2027-01-04 09:29:00,162,NONE,50.0,24.99,115.0,53.16,66.6,83.07499999999999,2074.46,59.2,12,1.0,5,1.0
Train,2027-01-04 09:30:00,2027-01-04 09:59:00,163,NONE,50.0,25.01,115.065,53.15,66.54,83.005,2078.1499999999996,59.2,8,1.0,5,1.0
Train,2027-01-04 10:00:00,2027-01-04 10:29:00,164,NONE,50.0,25.02,115.01,53.15,66.57499999999999,83.065,2072.11,59.2,8,1.0,5,1.0
Train,2027-01-04 10:30:00,2027-01-04 10:59:00,165,NONE,50.0,25.01,115.3,53.13,66.56,82.94,2076.505,59.2,8,1.0,5,1.0
Train,2027-01-04 11:00:00,2027-01-04 11:29:00,166,NONE,50.0,25.0,115.065,53.14,66.52,82.92500000000001,2077.76,59.2,-1,0.0,5,1.0
Train,2027-01-04 11:30:00,2027-01-04 11:59:00,167,NONE,50.0,24.994999999999997,114.57,53.19,66.55,83.06,2073.35,59.2,12,0.0,5,1.0
Train,2027-01-04 12:00:00,2027-01-04 12:29:00,168,NONE,50.0,24.975,114.62,53.17,66.54,83.17500000000001,2072.585,59.21,11,1.0,5,1.0
Train,2027-01-04 12:30:00,2027-01-04 12:59:00,169,NONE,50.0,25.03,115.07,53.13,66.545,83.13499999999999,2075.55,59.21,9,1.0,5,1.0
Train,2027-01-04 13:00:00,2027-01-04 13:29:00,170,NONE,50.0,24.975,115.02,53.14,66.57,82.955,2079.295,59.21,11,1.0,5,0.8020398091667723
Train,2027-01-04 13:30:00,2027-01-04 13:59:00,171,NONE,50.0,24.975,114.995,53.14,66.51,83.02,2079.08,59.21,11,1.0,5,0.9733246576045164
Train,2027-01-04 14:00:00,2027-01-04 14:29:00,172,NONE,50.0,24.985,115.02,53.14,66.535,82.92500000000001,2072.39,59.21,12,0.0,5,1.0
Train,2027-01-04 14:30:00,2027-01-04 14:59:00,173,NONE,50.0,25.04,114.9,53.15,66.455,82.995,2073.325,59.21,9,1.0,5,1.0
Train,2027-01-04 15:00:00,2027-01-04 15:29:00,174,NONE,50.0,24.97,114.95,53.15,66.47,83.11,2072.755,59.21,6,1.0,5,1.0
Train,2027-01-04 15:30:00,2027-01-04 15:59:00,175,NONE,50.0,24.94,114.99000000000001,53.144999999999996,66.455,83.16,2074.96,59.21,7,1.0,5,1.0
Train,2027-01-04 16:00:00,2027-01-04 16:29:00,176,NONE,50.0,24.98,115.10499999999999,53.13,66.41499999999999,82.965,2077.225,59.21,11,1.0,5,0.9855962782198525
Train,2027-01-04 16:30:00,2027-01-04 16:59:00,177,NONE,50.0,24.945,114.89500000000001,53.155,66.41,83.015,2078.1949999999997,59.205,7,1.0,5,0.9324557917214389
Train,2027-01-04 17:00:00,2027-01-04 17:29:00,178,NONE,50.0,24.99,114.8,53.16,66.52000000000001,83.13,2071.985,59.21,12,1.0,5,1.0
Train,2027-01-04 17:30:00,2027-01-04 17:59:00,179,NONE,50.0,24.98,115.015,53.14,66.59,82.97,2070.0150000000003,59.21,11,1.0,5,0.6804548259097684
Train,2027-01-04 18:00:00,2027-01-04 18:29:00,180,NONE,50.0,24.965,115.0,53.14,66.57,82.945,2071.5950000000003,59.2,6,1.0,5,1.0
Train,2027-01-04 18:30:00,2027-01-04 18:59:00,181,NONE,50.0,24.98,115.08500000000001,53.14,66.505,82.855,2075.5150000000003,59.2,11,1.0,5,1.0
Train,2027-01-04 19:00:00,2027-01-04 19:29:00,182,NONE,50.0,25.05,115.325,53.11,66.53,82.85499999999999,2075.84,59.2,10,1.0,5,1.0
Train,2027-01-04 19:30:00,2027-01-04 19:59:00,183,NONE,50.0,24.994999999999997,115.11500000000001,53.12,66.445,82.93,2078.26,59.2,12,0.0,5,1.0
Train,2027-01-04 20:00:00,2027-01-04 20:29:00,184,NONE,50.0,24.94,114.9,53.15,66.36,83.2,2075.96,59.2,7,1.0,5,0.86969020645684
Train,2027-01-04 20:30:00,2027-01-04 20:59:00,185,NONE,50.0,24.95,114.935,53.15,66.405,83.04,2074.69,59.21,7,1.0,5,1.0
Train,2027-01-04 21:00:00,2027-01-04 21:29:00,186,NONE,50.0,25.025,114.91,53.17,66.42500000000001,83.05,2074.935,59.2,8,1.0,5,1.0
Train,2027-01-04 21:30:00,2027-01-04 21:59:00,187,NONE,50.0,25.04,115.05,53.144999999999996,66.57499999999999,82.935,2074.8,59.2,9,1.0,5,1.0
Train,2027-01-04 22:00:00,2027-01-04 22:29:00,188,NONE,50.0,24.93,114.91,53.15,66.62,82.995,2074.425,59.2,7,0.99999999999929,5,1.0
Train,2027-01-04 22:30:00,2027-01-04 22:59:00,189,NONE,50.0,25.02,115.04,53.13,66.64,83.105,2076.79,59.205,8,1.0,5,0.945015503669713
Train,2027-01-04 23:00:00,2027-01-04 23:29:00,190,NONE,50.0,24.975,115.055,53.14,66.54,83.10499999999999,2078.785,59.2,11,1.0,5,1.0
Train,2027-01-04 23:30:00,2027-01-04 23:59:00,191,NONE,50.0,25.02,115.14,53.135000000000005,66.52,83.035,2075.915,59.2,8,1.0,5,1.0
Train,2027-01-05 00:00:00,2027-01-05 00:29:00,192,NONE,50.0,25.02,114.945,53.16,66.46,83.05,2076.56,59.21,8,1.0,5,1.0
Train,2027-01-05 00:30:00,2027-01-05 00:59:00,193,NONE,50.0,25.03,114.87,53.15,66.475,83.095,2076.535,59.2,9,1.0,5,1.0
Train,2027-01-05 01:00:00,2027-01-05 01:29:00,194,NONE,50.0,24.925,115.07,53.14,66.43,83.07499999999999,2078.955,59.2,7,0.99999999999929,5,0.9485974106488018
Train,2027-01-05 01:30:00,2027-01-05 01:59:00,195,NONE,50.0,24.91,114.86500000000001,53.175,66.34,83.12,2074.625,59.2,-1,0.0,5,0.7709347198718682
Train,2027-01-05 02:00:00,2027-01-05 02:29:00,196,NONE,50.0,25.0,114.95,53.17,66.455,82.98,2077.52,59.2,-1,0.0,5,1.0
Train,2027-01-05 02:30:00,2027-01-05 02:59:00,197,NONE,50.0,25.055,115.095,53.155,66.46,82.84,2075.105,59.205,10,1.0,5,1.0
Train,2027-01-05 03:00:00,2027-01-05 03:29:00,198,NONE,50.0,25.03,114.935,53.16,66.49,83.11,2073.705,59.21,9,1.0,5,1.0
Train,2027-01-05 03:30:00,2027-01-05 03:59:00,199,NONE,50.0,24.99,114.94,53.165,66.505,82.965,2074.815,59.21,12,1.0,5,1.0
Train,2027-01-05 04:00:00,2027-01-05 04:29:00,200,NONE,50.0,24.915,114.98,53.17,66.46,82.905,2073.6000000000004,59.2,-1,0.0,5,1.0
Train,2027-01-05 04:30:00,2027-01-05 04:59:00,201,NONE,50.0,24.925,114.91,53.16,66.44,83.01,2074.86,59.2,7,0.99999999999929,5,1.0
Train,2027-01-05 05:00:00,2027-01-05 05:29:00,202,NONE,50.0,25.045,115.19,53.15,66.485,82.86500000000001,2073.6800000000003,59.2,10,1.0,5,1.0
Train,2027-01-05 05:30:00,2027-01-05 05:59:00,203,NONE,50.0,25.02,115.015,53.16,66.62,82.975,2072.42,59.21,8,1.0,5,0.9675652528436053
Train,2027-01-05 06:00:00,2027-01-05 06:29:00,204,NONE,50.0,24.97,114.965,53.16,66.56,82.89,2075.145,59.21,6,1.0,5,1.0
Train,2027-01-05 06:30:00,2027-01-05 06:59:00,205,NONE,50.0,24.96,114.905,53.16,66.515,83.125,2076.625,59.2,6,1.0,5,1.0
Train,2027-01-05 07:00:00,2027-01-05 07:29:00,206,NONE,50.0,24.905,115.16499999999999,53.15,66.5,83.095,2076.8500000000004,59.21,-1,0.0,5,1.0
Train,2027-01-05 07:30:00,2027-01-05 07:59:00,207,NONE,50.0,25.045,115.215,53.17,66.475,82.985,2075.075,59.2,10,1.0,5,1.0
Train,2027-01-05 08:00:00,2027-01-05 08:29:00,208,NONE,50.0,24.975,115.16,53.16,66.43,83.095,2069.065,59.2,11,1.0,5,0.6154786244292565
Train,2027-01-05 08:30:00,2027-01-05 08:59:00,209,NONE,50.0,25.025,114.995,53.155,66.48,83.13499999999999,2071.7,59.2,8,1.0,5,1.0
Train,2027-01-05 09:00:00,2027-01-05 09:29:00,210,NONE,50.0,25.04,115.0,53.15,66.44,83.16,2077.9700000000003,59.2,9,1.0,5,1.0
Train,2027-01-05 09:30:00,2027-01-05 09:59:00,211,NONE,50.0,24.99,114.93,53.14,66.54,83.035,2076.55,59.2,12,1.0,5,1.0
Train,2027-01-05 10:00:00,2027-01-05 10:29:00,212,NONE,50.0,25.06,114.83,53.16,66.60499999999999,83.11500000000001,2077.71,59.19,10,1.0,5,1.0
Train,2027-01-05 10:30:00,2027-01-05 10:59:00,213,NONE,50.0,25.095,114.91499999999999,53.15,66.56,83.045,2076.865,59.19,-1,0.0,5,1.0
Train,2027-01-05 11:00:00,2027-01-05 11:29:00,214,NONE,50.0,25.095,114.97,53.14,66.59,83.13499999999999,2073.245,59.19,-1,0.0,5,1.0
Train,2027-01-05 11:30:00,2027-01-05 11:59:00,215,NONE,50.0,24.985,114.905,53.135000000000005,66.59,83.155,2075.54,59.19,12,0.0,5,1.0
Train,2027-01-05 12:00:00,2027-01-05 12:29:00,216,NONE,50.0,25.06,115.115,53.14,66.57499999999999,83.08500000000001,2075.8450000000003,59.19,10,1.0,5,1.0
Train,2027-01-05 12:30:00,2027-01-05 12:59:00,217,NONE,50.0,24.99,115.08,53.16,66.54,83.055,2075.26,59.19,12,1.0,5,1.0
Train,2027-01-05 13:00:00,2027-01-05 13:29:00,218,NONE,50.0,24.935000000000002,115.11500000000001,53.14,66.555,82.88,2076.245,59.19,7,0.9999999999999989,5,1.0
Train,2027-01-05 13:30:00,2027-01-05 13:59:00,219,NONE,50.0,25.0,114.93,53.13,66.57,83.08,2078.055,59.2,-1,0.0,5,1.0
Train,2027-01-05 14:00:00,2027-01-05 14:29:00,220,NONE,50.0,24.99,115.11,53.13,66.57,82.905,2076.445,59.2,12,1.0,5,1.0
Train,2027-01-05 14:30:00,2027-01-05 14:59:00,221,NONE,50.0,25.04,115.03999999999999,53.13,66.45,82.83,2073.845,59.2,9,1.0,5,1.0
Train,2027-01-05 23:00:00,2027-01-05 23:29:00,238,NONE,58.0,29.99,105.97,53.8,66.73,90.92,2406.44,59.19,1,1.0,2,0.8187069054455252
Train,2027-01-05 23:30:00,2027-01-05 23:59:00,239,NONE,58.0,29.94,106.0,53.8,66.755,90.825,2406.26,59.185,1,0.5000000000003519,2,0.8187069054455252
Train,2027-01-06 00:00:00,2027-01-06 00:29:00,240,NONE,58.0,30.009999999999998,106.03,53.81,66.81,91.02000000000001,2405.565,59.19,1,0.5000000000003519,2,0.8187069054455252
Train,2027-01-06 00:30:00,2027-01-06 00:59:00,241,NONE,58.0,29.94,106.07,53.8,66.85,91.00999999999999,2406.715,59.19,1,0.5000000000003519,2,0.7647180474278231
Train,2027-01-06 01:00:00,2027-01-06 01:29:00,242,NONE,58.0,29.985,106.005,53.79,66.9,90.82,2403.59,59.2,1,1.0,2,0.49145858793192587
Train,2027-01-06 01:30:00,2027-01-06 01:59:00,243,NONE,58.0,29.96,106.01,53.78,66.79,90.78999999999999,2406.2749999999996,59.2,1,0.5000000000003519,2,0.7713413984119634
Train,2027-01-06 02:00:00,2027-01-06 02:29:00,244,NONE,58.0,29.98,106.0,53.775000000000006,66.89,90.935,2406.775,59.2,1,1.0,2,0.6350990030517513
Train,2027-01-06 02:30:00,2027-01-06 02:59:00,245,NONE,58.0,30.025,106.04,53.8,66.92,90.915,2404.165,59.2,1,0.5000000000001955,2,0.4795232656987823
Train,2027-01-06 03:00:00,2027-01-06 03:29:00,246,NONE,58.0,29.994999999999997,106.08,53.81,66.875,90.84,2410.28,59.2,1,1.0,2,0.4380433449340824
Train,2027-01-06 03:30:00,2027-01-06 03:59:00,247,NONE,58.0,30.045,106.0,53.78,66.8,90.93,2408.2650000000003,59.205,1,0.3333333333335767,2,0.6652773352948961
Train,2027-01-06 04:00:00,2027-01-06 04:29:00,248,NONE,58.0,30.035,106.025,53.78,66.72,91.015,2406.465,59.2,1,0.5000000000001564,2,0.67007676466215
Train,2027-01-06 04:30:00,2027-01-06 04:59:00,249,NONE,58.0,29.965,106.03,53.765,66.7,90.98,2409.6949999999997,59.19,1,1.0,2,0.5603990687728228
Train,2027-01-06 05:00:00,2027-01-06 05:29:00,250,NONE,58.0,29.985,105.975,53.76,66.66499999999999,90.905,2410.58,59.195,1,1.0,2,0.4263858456257342
Train,2027-01-06 05:30:00,2027-01-06 05:59:00,251,NONE,58.0,30.02,106.035,53.77,66.74,90.97,2410.445,59.2,1,0.5000000000003519,2,0.5121017354557971
Train,2027-01-06 06:00:00,2027-01-06 06:29:00,252,NONE,58.0,30.035,106.055,53.78,66.735,90.785,2404.305,59.19,1,0.5000000000001564,2,0.7017810866787362
Train,2027-01-06 06:30:00,2027-01-06 06:59:00,253,NONE,58.0,30.01,105.98,53.78,66.82,90.97999999999999,2405.34,59.195,1,0.5000000000003519,2,0.7545009822523168
Train,2027-01-06 07:00:00,2027-01-06 07:29:00,254,NONE,58.0,30.13,105.96,53.81,66.84,90.91,2408.5,59.19,1,0.06250000000003361,2,0.7297075132510604
Train,2027-01-06 07:30:00,2027-01-06 07:59:00,255,NONE,58.0,29.945,106.055,53.82,66.85499999999999,90.93,2401.6800000000003,59.2,1,0.5000000000003519,2,0.4248661718984554
Train,2027-01-06 08:00:00,2027-01-06 08:29:00,256,NONE,58.0,29.985,105.95,53.83,66.84,90.955,2406.015,59.19,1,1.0,2,0.7454896183780118
Train,2027-01-06 08:30:00,2027-01-06 08:59:00,257,NONE,58.0,29.955,105.955,53.84,66.79,91.045,2407.065,59.19,1,0.5000000000003519,2,0.8187069054455252
Train,2027-01-06 09:00:00,2027-01-06 09:29:00,258,NONE,58.0,29.99,105.9,53.82,66.73,91.08500000000001,2406.525,59.19,1,1.0,2,0.8187069054455252
Train,2027-01-06 09:30:00,2027-01-06 09:59:00,259,NONE,58.0,29.93,105.995,53.81,66.715,91.02000000000001,2406.95,59.19,1,0.2500000000001369,2,0.8181673085213458
Train,2027-01-06 10:00:00,2027-01-06 10:29:00,260,NONE,58.0,29.95,106.03,53.82,66.78,90.97,2407.24,59.2,1,0.5000000000003519,2,0.8187069054455252
Train,2027-01-06 10:30:00,2027-01-06 10:59:00,261,NONE,58.0,29.955,105.95,53.82,66.74,91.10499999999999,2409.035,59.2,1,0.5000000000003519,2,0.6629317564032299
Train,2027-01-06 11:00:00,2027-01-06 11:29:00,262,NONE,58.0,29.99,106.0,53.84,66.71,90.995,2407.74,59.2,1,1.0,2,0.7133742678096548
Train,2027-01-06 11:30:00,2027-01-06 11:59:00,263,NONE,58.0,29.994999999999997,105.96,53.82,66.77,90.775,2408.2749999999996,59.19,1,1.0,2,0.8187069054455252
Train,2027-01-06 12:00:00,2027-01-06 12:29:00,264,NONE,58.0,30.09,105.94,53.82,66.81,90.9,2407.29,59.2,1,0.125000000000066,2,0.814626490639618
Train,2027-01-06 12:30:00,2027-01-06 12:59:00,265,NONE,58.0,30.06,105.98,53.81,66.81,91.0,2403.79,59.2,1,0.2500000000001369,2,0.6764836291803425
Train,2027-01-06 13:00:00,2027-01-06 13:29:00,266,NONE,58.0,30.06,105.97,53.81,66.8,90.97,2403.3450000000003,59.19,1,0.2500000000001369,2,0.6429441151647303
Train,2027-01-06 13:30:00,2027-01-06 13:59:00,267,NONE,58.0,30.06,105.91,53.81,66.775,90.98,2403.13,59.19,1,0.2500000000001369,2,0.5890650344666714
Train,2027-01-06 14:00:00,2027-01-06 14:29:00,268,NONE,58.0,30.07,105.98,53.82,66.76,91.11,2407.68,59.19,1,0.2000000000001189,2,0.8187069054455252
Train,2027-01-06 14:30:00,2027-01-06 14:59:00,269,NONE,58.0,29.95,106.025,53.825,66.755,90.92500000000001,2404.505,59.19,1,0.5000000000003519,2,0.8187069054455252
Train,2027-01-06 15:00:00,2027-01-06 15:29:00,270,NONE,58.0,29.96,106.01,53.82,66.7,91.03,2408.98,59.18,1,0.5000000000003519,2,0.7129383005658482
Train,2027-01-06 15:30:00,2027-01-06 15:59:00,271,NONE,58.0,29.97,106.015,53.81,66.75,91.03,2412.2650000000003,59.18,1,1.0,2,0.4913024141340864
Train,2027-01-06 16:00:00,2027-01-06 16:29:00,272,NONE,58.0,29.98,106.0,53.81,66.8,90.88,2408.005,59.18,1,1.0,2,0.7647180474278231
Train,2027-01-06 16:30:00,2027-01-06 16:59:00,273,NONE,58.0,30.08,106.04,53.8,66.79,90.83,2408.34,59.18,1,0.14285714285723225,2,0.7776940604075732
Train,2027-01-06 17:00:00,2027-01-06 17:29:00,274,NONE,58.0,30.12,105.975,53.79,66.785,90.86,2403.74,59.18,1,0.07142857142860815,2,0.7422593401982048
Train,2027-01-06 17:30:00,2027-01-06 17:59:00,275,NONE,58.0,30.02,106.01,53.785,66.78,91.09,2407.285,59.18,1,0.5000000000003519,2,0.8187069054455252
Train,2027-01-06 18:00:00,2027-01-06 18:29:00,276,NONE,58.0,30.04,105.945,53.765,66.79,90.945,2406.145,59.18,1,0.5000000000001564,2,0.7882772713694434
Train,2027-01-06 18:30:00,2027-01-06 18:59:00,277,NONE,58.0,29.975,105.98,53.77,66.76,90.84,2405.295,59.18,1,1.0,2,0.8154363773439596
Train,2027-01-06 19:00:00,2027-01-06 19:29:00,278,NONE,58.0,29.975,105.88,53.78,66.7,90.82,2406.4300000000003,59.18,1,1.0,2,0.8054884703814069
Train,2027-01-06 19:30:00,2027-01-06 19:59:00,279,NONE,58.0,30.0,105.96,53.79,66.685,90.985,2406.52,59.17,1,1.0,2,0.7700743010005541
Train,2027-01-06 20:00:00,2027-01-06 20:29:00,280,NONE,58.0,29.97,106.015,53.81,66.76,90.89,2410.185,59.17,1,1.0,2,0.8414203313306873
Train,2027-01-06 20:30:00,2027-01-06 20:59:00,281,NONE,58.0,29.97,106.035,53.83,66.695,90.96,2405.8450000000003,59.17,1,1.0,2,0.735666485207023
Train,2027-01-06 21:00:00,2027-01-06 21:29:00,282,NONE,58.0,29.975,106.03,53.83,66.76,91.1,2406.19,59.17,1,1.0,2,0.9072828552103531
Train,2027-01-06 21:30:00,2027-01-06 21:59:00,283,NONE,58.0,29.935000000000002,106.01,53.82,66.755,90.93,2406.375,59.17,1,0.3333333333335767,2,0.9960912172272164
Train,2027-01-06 22:00:00,2027-01-06 22:29:00,284,NONE,58.0,29.95,106.01,53.81,66.78,91.06,2403.04,59.17,1,0.5000000000003519,2,0.7310258232447211
Train,2027-01-06 22:30:00,2027-01-06 22:59:00,285,NONE,58.0,29.975,105.97,53.82,66.695,91.05000000000001,2404.875,59.175,1,1.0,2,0.6587353725074031
Train,2027-01-06 23:00:00,2027-01-06 23:29:00,286,NONE,58.0,29.99,105.99,53.82,66.735,90.75999999999999,2408.91,59.17,1,1.0,2,0.9126446111683153
Train,2027-01-06 23:30:00,2027-01-06 23:59:00,287,NONE,58.0,30.01,106.005,53.82,66.8,91.00999999999999,2408.665,59.17,1,0.5000000000003519,2,0.8469473607854314
Train,2027-01-07 00:00:00,2027-01-07 00:29:00,288,NONE,58.0,30.025,105.97,53.82,66.79,91.03,2406.325,59.165,1,0.5000000000001955,2,1.0
Train,2027-01-07 00:30:00,2027-01-07 00:59:00,289,NONE,58.0,29.994999999999997,105.985,53.82,66.745,91.055,2407.58,59.16,1,1.0,2,0.9670302099181002
Train,2027-01-07 01:00:00,2027-01-07 01:29:00,290,NONE,58.0,29.955,106.05,53.81,66.75,90.955,2406.935,59.16,1,0.5000000000003519,2,1.0
Train,2027-01-07 01:30:00,2027-01-07 01:59:00,291,NONE,58.0,29.99,106.0,53.79,66.72,91.035,2408.9449999999997,59.17,1,1.0,2,0.9091501452412406
Train,2027-01-07 02:00:00,2027-01-07 02:29:00,292,NONE,58.0,30.0,105.96,53.815,66.82499999999999,91.08500000000001,2405.31,59.16,1,1.0,2,1.0
Train,2027-01-07 02:30:00,2027-01-07 02:59:00,293,NONE,58.0,30.009999999999998,106.0,53.81,66.89,90.945,2403.27,59.16,1,0.5000000000003519,2,0.5970172548236626
Train,2027-01-07 03:00:00,2027-01-07 03:29:00,294,NONE,58.0,29.994999999999997,106.04,53.8,66.83,90.86500000000001,2406.9399999999996,59.16,1,1.0,2,1.0
Train,2027-01-07 03:30:00,2027-01-07 03:59:00,295,NONE,58.0,30.05,105.98,53.81,66.785,90.97,2407.1549999999997,59.16,1,0.5000000000001564,2,1.0
Train,2027-01-07 04:00:00,2027-01-07 04:29:00,296,NONE,58.0,29.94,105.94,53.805,66.78,91.01,2403.2650000000003,59.16,1,0.5000000000003519,2,0.8807119845878271
Train,2027-01-07 04:30:00,2027-01-07 04:59:00,297,NONE,58.0,29.99,105.99,53.81,66.78,91.02,2405.855,59.16,1,1.0,2,1.0
Train,2027-01-07 05:00:00,2027-01-07 05:29:00,298,NONE,58.0,30.04,106.04,53.83,66.68,90.98,2406.45,59.16,1,0.5000000000001564,2,0.7639069115251685
Train,2027-01-07 05:30:00,2027-01-07 05:59:00,299,NONE,58.0,30.0,105.985,53.85,66.765,90.965,2409.9750000000004,59.17,1,1.0,2,0.7983801907601319
Train,2027-01-07 06:00:00,2027-01-07 06:29:00,300,NONE,58.0,30.045,106.01,53.84,66.805,90.97999999999999,2408.6949999999997,59.16,1,0.3333333333335767,2,0.9627502318755878
Train,2027-01-07 06:30:00,2027-01-07 06:59:00,301,NONE,58.0,30.045,106.04,53.81,66.84,91.10499999999999,2404.94,59.16,1,0.3333333333335767,2,1.0
Train,2027-01-07 07:00:00,2027-01-07 07:29:00,302,NONE,58.0,29.95,106.01,53.81,66.81,90.935,2405.21,59.16,1,0.5000000000003519,2,1.0
Train,2027-01-07 07:30:00,2027-01-07 07:59:00,303,NONE,58.0,30.025,106.005,53.79,66.79,91.1,2413.535,59.16,1,0.5000000000001955,2,0.44135654662167884
Train,2027-01-07 08:00:00,2027-01-07 08:29:00,304,NONE,58.0,30.05,105.96,53.805,66.71,90.895,2408.385,59.16,1,0.5000000000001564,2,1.0
Train,2027-01-07 08:30:00,2027-01-07 08:59:00,305,NONE,58.0,30.015,106.055,53.82,66.75,91.0,2409.585,59.16,1,0.5000000000003519,2,0.9585116050410325
Train,2027-01-07 09:00:00,2027-01-07 09:29:00,306,NONE,58.0,29.99,106.09,53.81,66.67500000000001,91.005,2410.87,59.16,1,1.0,2,0.6719261054667292
Train,2027-01-07 09:30:00,2027-01-07 09:59:00,307,NONE,58.0,29.965,106.06,53.805,66.64500000000001,90.965,2410.99,59.16,1,1.0,2,0.5572401434195374
Train,2027-01-07 10:00:00,2027-01-07 10:29:00,308,NONE,58.0,30.03,106.04,53.8,66.73,91.015,2409.05,59.16,1,0.5000000000001564,2,0.8894615162222194
Train,2027-01-07 10:30:00,2027-01-07 10:59:00,309,NONE,58.0,30.03,106.03,53.8,66.72,90.94,2403.425,59.16,1,0.5000000000001564,2,0.6522550191041131
Train,2027-01-07 11:00:00,2027-01-07 11:29:00,310,NONE,58.0,29.994999999999997,106.02,53.8,66.775,91.07,2403.995,59.16,1,1.0,2,0.9972293813916404
Train,2027-01-07 11:30:00,2027-01-07 11:59:00,311,NONE,58.0,29.97,105.92,53.79,66.845,91.005,2406.82,59.16,1,1.0,2,0.9697210552330794
Train,2027-01-07 12:00:00,2027-01-07 12:29:00,312,NONE,58.0,30.005000000000003,106.0,53.79,66.81,90.83500000000001,2403.69,59.17,1,1.0,2,0.7907018464625389
Train,2027-01-07 12:30:00,2027-01-07 12:59:00,313,NONE,58.0,29.97,106.05,53.805,66.755,90.91499999999999,2404.145,59.16,1,1.0,2,0.973614162021228
Train,2027-01-07 13:00:00,2027-01-07 13:29:00,314,NONE,58.0,29.95,105.97,53.8,66.79,91.13,2404.99,59.16,1,0.5000000000003519,2,1.0
Train,2027-01-07 13:30:00,2027-01-07 13:59:00,315,NONE,58.0,29.97,105.98,53.81,66.805,90.895,2405.57,59.16,1,1.0,2,1.0
Train,2027-01-07 14:00:00,2027-01-07 14:29:00,316,NONE,58.0,30.04,105.96,53.83,66.76,90.765,2405.005,59.16,1,0.5000000000001564,2,1.0
Train,2027-01-07 14:30:00,2027-01-07 14:59:00,317,NONE,58.0,30.015,105.9,53.84,66.72,90.81,2400.98,59.16,1,0.5000000000003519,2,0.4112869533033762
Train,2027-01-07 15:00:00,2027-01-07 15:29:00,318,NONE,58.0,30.07,105.93,53.83,66.80000000000001,91.01,2405.33,59.17,1,0.2000000000001189,2,1.0
Train,2027-01-07 15:30:00,2027-01-07 15:59:00,319,NONE,58.0,30.0,106.02,53.83,66.82,91.0,2404.09,59.17,1,1.0,2,0.8807119845878271
Train,2027-01-07 16:00:00,2027-01-07 16:29:00,320,NONE,58.0,29.94,106.04,53.83,66.82,90.91,2410.3999999999996,59.16,1,0.5000000000003519,2,0.7646902407209208
Train,2027-01-07 16:30:00,2027-01-07 16:59:00,321,NONE,58.0,30.01,106.09,53.815,66.82,91.13,2409.425,59.16,1,0.5000000000003519,2,0.7858047670186201
Train,2027-01-07 17:00:00,2027-01-07 17:29:00,322,NONE,58.0,29.97,106.125,53.81,66.75,90.965,2409.87,59.16,1,1.0,2,0.9627502318755878
Train,2027-01-07 17:30:00,2027-01-07 17:59:00,323,NONE,58.0,29.97,106.005,53.81,66.72,91.035,2411.17,59.16,1,1.0,2,0.7024662587415671
Train,2027-01-07 18:00:00,2027-01-07 18:29:00,324,NONE,58.0,29.93,105.975,53.8,66.74,90.99,2411.8599999999997,59.16,1,0.2500000000001369,2,0.6678602445170959
Train,2027-01-07 18:30:00,2027-01-07 18:59:00,325,NONE,58.0,29.94,106.01,53.78,66.71,91.07499999999999,2407.78,59.16,1,0.5000000000003519,2,0.8878835857277236
Train,2027-01-07 19:00:00,2027-01-07 19:29:00,326,NONE,58.0,29.98,105.96,53.78,66.69,91.07,2408.76,59.165,1,1.0,2,0.7706021263980652
Train,2027-01-07 19:30:00,2027-01-07 19:59:00,327,NONE,58.0,29.97,105.99,53.79,66.71,90.905,2408.0600000000004,59.16,1,1.0,2,0.9204409693294082
Train,2027-01-07 20:00:00,2027-01-07 20:29:00,328,NONE,58.0,29.96,105.985,53.79,66.75,90.97,2404.62,59.16,1,0.5000000000003519,2,1.0
Train,2027-01-07 20:30:00,2027-01-07 20:59:00,329,NONE,58.0,29.97,105.975,53.805,66.77,90.91,2406.135,59.16,1,1.0,2,1.0
Train,2027-01-07 21:00:00,2027-01-07 21:29:00,330,NONE,58.0,30.0,106.0,53.82,66.8,90.87,2405.9049999999997,59.16,1,1.0,2,1.0
Train,2027-01-07 21:30:00,2027-01-07 21:59:00,331,NONE,58.0,29.955,105.975,53.81,66.77,91.06,2407.025,59.16,1,0.5000000000003519,2,1.0
Train,2027-01-07 22:00:00,2027-01-07 22:29:00,332,NONE,58.0,30.02,105.98,53.82,66.83,90.97,2406.4049999999997,59.16,1,0.5000000000003519,2,1.0
Train,2027-01-07 22:30:00,2027-01-07 22:59:00,333,NONE,58.0,29.96,106.01,53.825,66.795,90.89,2410.385,59.16,1,0.5000000000003519,2,0.8797020476952135
Train,2027-01-07 23:00:00,2027-01-07 23:29:00,334,NONE,58.0,29.925,106.095,53.81,66.79,90.87,2405.6400000000003,59.165,1,0.20000000000011264,2,1.0
Train,2027-01-07 23:30:00,2027-01-07 23:59:00,335,NONE,58.0,29.975,106.10499999999999,53.8,66.87,91.06,2408.755,59.16,1,1.0,2,0.6969137664529134
Train,2027-01-08 00:00:00,2027-01-08 00:29:00,336,NONE,58.0,29.9,105.99000000000001,53.81,66.85,90.93,2409.2,59.16,1,0.11111111111116519,2,0.7278944642207511
Train,2027-01-08 00:30:00,2027-01-08 00:59:00,337,NONE,58.0,29.97,105.955,53.82,66.87,91.055,2403.415,59.16,1,1.0,2,0.6779654979433145
Train,2027-01-08 01:00:00,2027-01-08 01:29:00,338,NONE,58.0,29.97,105.995,53.82,66.81,90.89,2405.8149999999996,59.16,1,1.0,2,1.0
Train,2027-01-08 09:30:00,2027-01-08 09:59:00,355,NONE,50.0,25.055,115.15,53.135000000000005,66.58,82.99,2077.25,59.14,10,1.0,5,1.0
Train,2027-01-08 10:00:00,2027-01-08 10:29:00,356,NONE,50.0,25.0,114.94,53.16,66.51,83.11,2075.725,59.14,-1,0.0,5,1.0
Train,2027-01-08 10:30:00,2027-01-08 10:59:00,357,NONE,50.0,25.05,115.025,53.15,66.44,83.21000000000001,2075.1899999999996,59.14,10,1.0,5,1.0
Train,2027-01-08 11:00:00,2027-01-08 11:29:00,358,NONE,50.0,25.0,115.02,53.15,66.36500000000001,82.765,2072.3100000000004,59.14,-1,0.0,5,0.7288385459319447
Train,2027-01-08 11:30:00,2027-01-08 11:59:00,359,NONE,50.0,25.04,115.12,53.12,66.375,82.82,2075.1000000000004,59.14,9,1.0,5,0.8360471724499006
Train,2027-01-08 12:00:00,2027-01-08 12:29:00,360,NONE,50.0,25.025,114.92500000000001,53.13,66.48,82.995,2075.8100000000004,59.14,8,1.0,5,1.0
Train,2027-01-08 12:30:00,2027-01-08 12:59:00,361,NONE,50.0,25.0,115.045,53.15,66.515,83.005,2076.42,59.14,-1,0.0,5,1.0
Train,2027-01-08 13:00:00,2027-01-08 13:29:00,362,NONE,50.0,25.064999999999998,115.22,53.14,66.44,82.93,2074.24,59.14,10,0.9999999999999989,5,1.0
Train,2027-01-08 13:30:00,2027-01-08 13:59:00,363,NONE,50.0,25.07,115.21000000000001,53.15,66.45,82.97,2073.435,59.14,-1,0.0,5,1.0
Train,2027-01-08 14:00:00,2027-01-08 14:29:00,364,NONE,50.0,25.04,114.995,53.175,66.505,83.05000000000001,2071.76,59.15,9,1.0,5,0.8523414329921581
Train,2027-01-08 14:30:00,2027-01-08 14:59:00,365,NONE,50.0,25.025,115.06,53.17,66.52,82.89,2078.75,59.15,8,1.0,5,0.9245090186631902
Train,2027-01-08 15:00:00,2027-01-08 15:29:00,366,NONE,50.0,25.02,115.07,53.16,66.5,82.88,2075.455,59.14,8,1.0,5,1.0
Train,2027-01-08 15:30:00,2027-01-08 15:59:00,367,NONE,50.0,24.96,115.32499999999999,53.16,66.56,82.91499999999999,2077.365,59.14,6,1.0,5,1.0
Train,2027-01-08 16:00:00,2027-01-08 16:29:00,368,NONE,50.0,24.94,115.27,53.15,66.57,82.78,2078.795,59.14,7,1.0,5,0.9591997619443269
Train,2027-01-08 16:30:00,2027-01-08 16:59:00,369,NONE,50.0,25.025,114.875,53.14,66.56,82.87,2078.0950000000003,59.14,8,1.0,5,1.0
Train,2027-01-08 17:00:00,2027-01-08 17:29:00,370,NONE,50.0,25.0,114.735,53.16,66.55,83.22,2074.83,59.144999999999996,-1,0.0,5,1.0
Train,2027-01-08 17:30:00,2027-01-08 17:59:00,371,NONE,50.0,24.925,115.09,53.14,66.57,83.03,2078.365,59.14,7,0.99999999999929,5,1.0
Train,2027-01-08 18:00:00,2027-01-08 18:29:00,372,NONE,50.0,24.945,115.22,53.13,66.57499999999999,82.92500000000001,2079.0150000000003,59.14,7,1.0,5,0.918801336822483
Train,2027-01-08 18:30:00,2027-01-08 18:59:00,373,NONE,50.0,24.975,115.315,53.14,66.505,82.885,2078.0550000000003,59.14,11,1.0,5,1.0
Train,2027-01-08 19:00:00,2027-01-08 19:29:00,374,NONE,50.0,24.88,115.015,53.16,66.48,83.065,2077.79,59.14,-1,0.0,5,1.0
Train,2027-01-08 19:30:00,2027-01-08 19:59:00,375,NONE,50.0,25.03,114.74000000000001,53.18,66.46,83.07,2074.26,59.14,9,1.0,5,1.0
Train,2027-01-08 20:00:00,2027-01-08 20:29:00,376,NONE,50.0,24.91,115.045,53.16,66.52,83.04,2077.625,59.13,-1,0.0,5,1.0
Train,2027-01-08 20:30:00,2027-01-08 20:59:00,377,NONE,50.0,24.96,115.0,53.16,66.565,82.995,2075.5699999999997,59.13,6,1.0,5,1.0
Train,2027-01-08 21:00:00,2027-01-08 21:29:00,378,NONE,50.0,25.01,114.95,53.16,66.56,83.15,2075.615,59.13,8,1.0,5,1.0
Train,2027-01-08 21:30:00,2027-01-08 21:59:00,379,NONE,50.0,25.045,114.84,53.16,66.495,82.96000000000001,2078.205,59.13,10,1.0,5,1.0
Train,2027-01-08 22:00:00,2027-01-08 22:29:00,380,NONE,50.0,24.96,114.86500000000001,53.17,66.47,83.06,2079.21,59.13,6,1.0,5,0.826331966549596
Train,2027-01-08 22:30:00,2027-01-08 22:59:00,381,NONE,50.0,25.005000000000003,115.11,53.14,66.41,82.94,2073.005,59.13,8,1.0,5,1.0
Train,2027-01-08 23:00:00,2027-01-08 23:29:00,382,NONE,50.0,24.95,114.88499999999999,53.16,66.465,83.045,2071.6800000000003,59.13,7,1.0,5,0.8511100562162278
Train,2027-01-08 23:30:00,2027-01-08 23:59:00,383,NONE,50.0,25.015,115.07499999999999,53.144999999999996,66.51,83.025,2074.1,59.13,8,1.0,5,1.0
Train,2027-01-09 00:00:00,2027-01-09 00:29:00,384,NONE,50.0,25.04,115.035,53.14,66.51,83.05000000000001,2074.42,59.13,9,1.0,5,1.0
Train,2027-01-09 00:30:00,2027-01-09 00:59:00,385,NONE,50.0,25.09,114.945,53.14,66.45,82.995,2073.365,59.13,-1,0.0,5,1.0
Train,2027-01-09 01:00:00,2027-01-09 01:29:00,386,NONE,50.0,25.025,114.935,53.14,66.47,83.02,2074.26,59.13,8,1.0,5,1.0
Train,2027-01-09 01:30:00,2027-01-09 01:59:00,387,NONE,50.0,24.97,114.88,53.15,66.465,83.0,2072.8199999999997,59.13,6,1.0,5,1.0
Train,2027-01-09 02:00:00,2027-01-09 02:29:00,388,NONE,50.0,24.975,115.14,53.13,66.39500000000001,82.975,2077.37,59.13,11,1.0,5,0.8122676641568989
Train,2027-01-09 02:30:00,2027-01-09 02:59:00,389,NONE,50.0,24.965,115.09,53.135000000000005,66.41499999999999,83.055,2073.875,59.13,6,1.0,5,1.0
Train,2027-01-09 03:00:00,2027-01-09 03:29:00,390,NONE,50.0,25.0,114.91,53.16,66.47,83.045,2075.745,59.13,-1,0.0,5,1.0
Train,2027-01-09 03:30:00,2027-01-09 03:59:00,391,NONE,50.0,25.13,115.16,53.15,66.5,82.86,2075.6549999999997,59.13,-1,0.0,5,1.0
Train,2027-01-09 04:00:00,2027-01-09 04:29:00,392,NONE,50.0,25.025,115.195,53.14,66.54,82.96000000000001,2074.675,59.13,8,1.0,5,1.0
Train,2027-01-09 04:30:00,2027-01-09 04:59:00,393,NONE,50.0,24.98,115.21,53.15,66.63,82.80000000000001,2072.005,59.13,11,1.0,5,0.6226764752859397
Train,2027-01-09 05:00:00,2027-01-09 05:29:00,394,NONE,50.0,24.965,115.11,53.13,66.59,82.895,2074.73,59.13,6,1.0,5,0.9092601440594275
Train,2027-01-09 05:30:00,2027-01-09 05:59:00,395,NONE,50.0,25.04,115.16,53.13,66.61500000000001,82.86500000000001,2073.175,59.13,9,1.0,5,0.7666405702705231
Train,2027-01-09 06:00:00,2027-01-09 06:29:00,396,NONE,50.0,25.0,115.18,53.14,66.545,82.905,2068.625,59.13,-1,0.0,5,0.4711260677449971
Train,2027-01-09 06:30:00,2027-01-09 06:59:00,397,NONE,50.0,25.05,115.0,53.155,66.51,82.995,2074.81,59.13,10,1.0,5,1.0
Train,2027-01-09 07:00:00,2027-01-09 07:29:00,398,NONE,50.0,25.06,115.12,53.15,66.54,82.935,2078.275,59.13,10,1.0,5,1.0
Train,2027-01-09 07:30:00,2027-01-09 07:59:00,399,NONE,50.0,25.045,114.785,53.16,66.505,82.93,2074.585,59.13,10,1.0,5,1.0
Train,2027-01-09 08:00:00,2027-01-09 08:29:00,400,NONE,50.0,25.04,114.695,53.17,66.52,83.17,2076.965,59.13,9,1.0,5,1.0
Train,2027-01-09 08:30:00,2027-01-09 08:59:00,401,NONE,50.0,25.07,114.985,53.14,66.485,83.065,2073.8,59.13,-1,0.0,5,1.0
Train,2027-01-09 09:00:00,2027-01-09 09:29:00,402,NONE,50.0,24.98,115.15,53.11,66.49,82.955,2072.675,59.12,11,1.0,5,0.9762206406556223
Train,2027-01-09 09:30:00,2027-01-09 09:59:00,403,NONE,50.0,24.975,114.935,53.125,66.44,82.985,2074.2200000000003,59.12,11,1.0,5,1.0
Train,2027-01-09 10:00:00,2027-01-09 10:29:00,404,NONE,50.0,25.02,114.995,53.14,66.435,83.02,2078.135,59.12,8,1.0,5,0.8385805434375498
Train,2027-01-09 10:30:00,2027-01-09 10:59:00,405,NONE,50.0,25.08,115.185,53.13,66.38,82.99000000000001,2077.63,59.12,-1,0.0,5,0.7507121299678496
Train,2027-01-09 11:00:00,2027-01-09 11:29:00,406,NONE,50.0,25.055,115.03,53.13,66.39,82.98,2075.65,59.11,10,1.0,5,1.0
Train,2027-01-09 11:30:00,2027-01-09 11:59:00,407,NONE,50.0,25.009999999999998,114.97,53.12,66.375,83.03,2073.545,59.11,8,1.0,5,1.0
Train,2027-01-09 12:00:00,2027-01-09 12:29:00,408,NONE,50.0,25.035,115.095,53.11,66.4,83.07499999999999,2072.4849999999997,59.11,9,1.0,5,0.9377811174733904
Train,2027-01-09 12:30:00,2027-01-09 12:59:00,409,NONE,50.0,24.97,114.825,53.13,66.37,82.88499999999999,2075.875,59.11,6,1.0,5,0.9975641889374645
Train,2027-01-09 13:00:00,2027-01-09 13:29:00,410,NONE,50.0,25.009999999999998,115.0,53.12,66.36,82.985,2076.91,59.11,8,1.0,5,0.942273443445159
Train,2027-01-09 13:30:00,2027-01-09 13:59:00,411,NONE,50.0,25.11,114.945,53.12,66.37,83.07,2074.175,59.11,-1,0.0,5,1.0
Train,2027-01-09 14:00:00,2027-01-09 14:29:00,412,NONE,50.0,25.105,114.995,53.12,66.38499999999999,83.11,2071.805,59.11,-1,0.0,5,0.7959315868035
Train,2027-01-09 14:30:00,2027-01-09 14:59:00,413,NONE,50.0,25.04,115.25,53.12,66.32499999999999,82.96,2073.355,59.11,9,1.0,5,0.7563256349252034
Train,2027-01-09 15:00:00,2027-01-09 15:29:00,414,NONE,50.0,25.095,115.03,53.13,66.24,83.16,2077.4700000000003,59.1,-1,0.0,5,0.6032426994189932
Train,2027-01-09 15:30:00,2027-01-09 15:59:00,415,NONE,50.0,25.064999999999998,115.145,53.11,66.31,82.99,2080.825,59.11,10,0.9999999999999989,5,0.5615954469740181
Train,2027-01-09 16:00:00,2027-01-09 16:29:00,416,NONE,50.0,24.95,115.06,53.114999999999995,66.36,83.095,2078.285,59.105000000000004,7,1.0,5,0.9563234231065133
Train,2027-01-09 16:30:00,2027-01-09 16:59:00,417,NONE,50.0,24.97,115.1,53.125,66.45,82.86500000000001,2076.085,59.1,6,1.0,5,1.0
Train,2027-01-09 17:00:00,2027-01-09 17:29:00,418,NONE,50.0,24.965,114.84,53.13,66.475,82.965,2076.0550000000003,59.1,6,1.0,5,1.0
Train,2027-01-09 17:30:00,2027-01-09 17:59:00,419,NONE,50.0,24.98,114.995,53.15,66.5,83.14500000000001,2075.6099999999997,59.1,11,1.0,5,1.0
Train,2027-01-09 18:00:00,2027-01-09 18:29:00,420,NONE,50.0,25.03,115.1,53.14,66.5,82.9,2076.8050000000003,59.105000000000004,9,1.0,5,1.0
Train,2027-01-09 18:30:00,2027-01-09 18:59:00,421,NONE,50.0,25.025,114.99,53.14,66.52,83.05,2075.355,59.11,8,1.0,5,1.0
Train,2027-01-09 19:00:00,2027-01-09 19:29:00,422,NONE,50.0,24.99,114.92,53.15,66.49,83.185,2073.71,59.11,12,1.0,5,1.0
Train,2027-01-09 19:30:00,2027-01-09 19:59:00,423,NONE,50.0,24.97,115.06,53.14,66.39,83.05,2073.625,59.11,6,1.0,5,1.0
Train,2027-01-09 20:00:00,2027-01-09 20:29:00,424,NONE,50.0,25.02,115.08500000000001,53.12,66.41499999999999,83.035,2077.505,59.1,8,1.0,5,1.0
Train,2027-01-09 20:30:00,2027-01-09 20:59:00,425,NONE,50.0,25.045,114.94,53.13,66.45,83.02,2075.545,59.1,10,1.0,5,1.0
Train,2027-01-09 21:00:00,2027-01-09 21:29:00,426,NONE,50.0,25.01,114.84,53.13,66.4,82.98,2078.9399999999996,59.1,8,1.0,5,1.0
Train,2027-01-09 21:30:00,2027-01-09 21:59:00,427,NONE,50.0,25.064999999999998,115.195,53.12,66.305,83.055,2076.4049999999997,59.1,10,0.9999999999999989,5,0.8306092158950648
Train,2027-01-09 22:00:00,2027-01-09 22:29:00,428,NONE,50.0,25.02,115.095,53.13,66.32,82.91,2074.295,59.1,8,1.0,5,0.7923786123551779
Train,2027-01-09 22:30:00,2027-01-09 22:59:00,429,NONE,50.0,25.03,115.0,53.15,66.36500000000001,83.085,2076.8050000000003,59.09,9,1.0,5,0.8834796236252693
Train,2027-01-09 23:00:00,2027-01-09 23:29:00,430,NONE,50.0,25.03,115.06,53.16,66.39,83.11500000000001,2078.465,59.09,9,1.0,5,0.9563234231065133
Train,2027-01-09 23:30:00,2027-01-09 23:59:00,431,NONE,50.0,24.95,115.10499999999999,53.17,66.43,82.955,2078.7,59.1,7,1.0,5,1.0
Train,2027-01-10 00:00:00,2027-01-10 00:29:00,432,NONE,50.0,25.045,115.07,53.17,66.45,82.92500000000001,2079.04,59.1,10,1.0,5,1.0
Train,2027-01-10 00:30:00,2027-01-10 00:59:00,433,NONE,50.0,24.95,115.235,53.16,66.43,82.875,2076.005,59.1,7,1.0,5,1.0
Train,2027-01-10 01:00:00,2027-01-10 01:29:00,434,NONE,50.0,24.89,115.01,53.16,66.45,82.945,2075.55,59.1,-1,0.0,5,1.0
Train,2027-01-10 01:30:00,2027-01-10 01:59:00,435,NONE,50.0,25.005000000000003,115.01,53.16,66.47,83.04,2073.3599999999997,59.1,8,1.0,5,1.0
Train,2027-01-10 02:00:00,2027-01-10 02:29:00,436,NONE,50.0,25.07,115.055,53.16,66.46,82.91,2077.29,59.1,-1,0.0,5,1.0
Train,2027-01-10 02:30:00,2027-01-10 02:59:00,437,NONE,50.0,25.09,115.21000000000001,53.15,66.455,82.865,2073.7,59.1,-1,0.0,5,1.0
Train,2027-01-10 03:00:00,2027-01-10 03:29:00,438,NONE,50.0,24.99,114.8,53.17,66.43,83.07,2074.255,59.1,12,1.0,5,1.0
Train,2027-01-10 03:30:00,2027-01-10 03:59:00,439,NONE,50.0,24.92,115.1,53.15,66.43,83.11500000000001,2077.29,59.1,-1,0.0,5,1.0
Train,2027-01-10 04:00:00,2027-01-10 04:29:00,440,NONE,50.0,25.02,114.84,53.17,66.41,83.24,2077.27,59.1,8,1.0,5,1.0
Train,2027-01-10 04:30:00,2027-01-10 04:59:00,441,NONE,50.0,25.005000000000003,114.685,53.19,66.5,83.01,2078.045,59.1,8,1.0,5,1.0
Train,2027-01-10 05:00:00,2027-01-10 05:29:00,442,NONE,50.0,24.955,115.03,53.15,66.515,82.975,2078.395,59.1,7,1.0,5,0.9466507615540583
Train,2027-01-10 05:30:00,2027-01-10 05:59:00,443,NONE,50.0,24.955,114.98,53.15,66.505,82.92500000000001,2074.2749999999996,59.1,7,1.0,5,1.0
Train,2027-01-10 06:00:00,2027-01-10 06:29:00,444,NONE,50.0,24.975,114.88,53.17,66.475,82.99000000000001,2073.1899999999996,59.1,11,1.0,5,1.0
Train,2027-01-10 06:30:00,2027-01-10 06:59:00,445,NONE,50.0,24.985,114.99,53.16,66.48,82.97999999999999,2074.5950000000003,59.1,-1,0.0,5,1.0
Train,2027-01-10 07:00:00,2027-01-10 07:29:00,446,NONE,50.0,25.05,115.00999999999999,53.13,66.5,82.965,2076.515,59.1,10,1.0,5,1.0
Train,2027-01-10 07:30:00,2027-01-10 07:59:00,447,NONE,50.0,24.99,115.27,53.13,66.45,82.965,2075.1549999999997,59.1,12,1.0,5,1.0
Train,2027-01-10 08:00:00,2027-01-10 08:29:00,448,NONE,50.0,24.97,115.205,53.14,66.5,83.11500000000001,2073.5,59.1,6,1.0,5,1.0
Train,2027-01-10 08:30:00,2027-01-10 08:59:00,449,NONE,50.0,24.93,114.955,53.14,66.44,83.005,2072.635,59.1,7,0.99999999999929,5,1.0
Train,2027-01-10 09:00:00,2027-01-10 09:29:00,450,NONE,50.0,24.945,115.12,53.13,66.45,83.1,2074.08,59.1,7,1.0,5,1.0
Train,2027-01-10 09:30:00,2027-01-10 09:59:00,451,NONE,50.0,24.97,115.005,53.13,66.49,82.97,2074.43,59.1,6,1.0,5,1.0
Train,2027-01-10 10:00:00,2027-01-10 10:29:00,452,NONE,50.0,25.04,115.045,53.14,66.535,82.955,2072.8,59.1,9,1.0,5,1.0
Train,2027-01-10 10:30:00,2027-01-10 10:59:00,453,NONE,50.0,25.04,115.02,53.15,66.51,82.93,2075.2349999999997,59.11,9,1.0,5,1.0
Train,2027-01-10 11:00:00,2027-01-10 11:29:00,454,NONE,50.0,25.05,114.805,53.18,66.47,83.15,2078.64,59.1,10,1.0,5,1.0
Train,2027-01-10 11:30:00,2027-01-10 11:59:00,455,NONE,50.0,25.035,114.955,53.19,66.36,83.045,2077.055,59.1,9,1.0,5,1.0
Train,2027-01-10 17:00:00,2027-01-10 17:29:00,466,NONE,55.0,27.955,106.01,53.8,66.485,89.05,2280.94,59.1,2,1.0,1,0.5724548830194982
Train,2027-01-10 17:30:00,2027-01-10 17:59:00,467,NONE,55.0,28.015,106.025,53.79,66.55,89.13499999999999,2282.81,59.1,2,1.0,1,0.8595241114675473
Train,2027-01-10 18:00:00,2027-01-10 18:29:00,468,NONE,55.0,28.04,106.0,53.79,66.57,89.03,2278.7349999999997,59.11,2,1.0,1,0.6595737030329926
Train,2027-01-10 18:30:00,2027-01-10 18:59:00,469,NONE,55.0,28.025,106.02,53.79,66.59,89.15,2280.05,59.11,2,1.0,1,0.8285330327602297
Train,2027-01-10 19:00:00,2027-01-10 19:29:00,470,NONE,55.0,28.0,106.02,53.78,66.57499999999999,89.145,2280.135,59.1,2,1.0,1,0.9301485294711956
Train,2027-01-10 19:30:00,2027-01-10 19:59:00,471,NONE,55.0,27.975,105.99,53.78,66.6,89.16499999999999,2286.38,59.1,2,1.0,1,0.6131947756546052
Train,2027-01-10 20:00:00,2027-01-10 20:29:00,472,NONE,55.0,27.94,105.97,53.785,66.58500000000001,89.18,2281.465,59.1,2,1.0,1,0.9067331782669154
Train,2027-01-10 20:30:00,2027-01-10 20:59:00,473,NONE,55.0,28.0,105.96,53.765,66.53,89.035,2280.535,59.1,2,1.0,1,0.6718967502024628
Train,2027-01-10 21:00:00,2027-01-10 21:29:00,474,NONE,55.0,28.03,106.055,53.76,66.56,89.175,2280.245,59.1,2,1.0,1,0.7278714728422044
Train,2027-01-10 21:30:00,2027-01-10 21:59:00,475,NONE,55.0,27.96,106.06,53.775000000000006,66.60499999999999,89.17500000000001,2282.15,59.1,2,1.0,1,0.934488705710883
Train,2027-01-10 22:00:00,2027-01-10 22:29:00,476,NONE,55.0,27.97,105.99,53.78,66.61,89.11500000000001,2281.525,59.1,2,1.0,1,1.0
Train,2027-01-10 22:30:00,2027-01-10 22:59:00,477,NONE,55.0,27.98,105.99,53.79,66.64,89.18,2283.98,59.09,2,1.0,1,0.6439946142680407
Train,2027-01-10 23:00:00,2027-01-10 23:29:00,478,NONE,55.0,27.94,105.97,53.8,66.62,89.15,2285.805,59.09,2,1.0,1,0.4788456399735491
Train,2027-01-10 23:30:00,2027-01-10 23:59:00,479,NONE,55.0,27.92,105.905,53.79,66.63499999999999,89.31,2286.06,59.1,2,0.5000000000000978,1,0.7361185315183827
Train,2027-01-11 00:00:00,2027-01-11 00:29:00,480,NONE,55.0,27.93,105.92500000000001,53.79,66.65,89.36500000000001,2280.395,59.1,2,1.0,1,0.7654504065905451
Train,2027-01-11 00:30:00,2027-01-11 00:59:00,481,NONE,55.0,27.99,106.03,53.78,66.64500000000001,89.31,2284.9049999999997,59.1,2,1.0,1,0.8117878630659967
Train,2027-01-11 01:00:00,2027-01-11 01:29:00,482,NONE,55.0,27.985,106.03,53.775000000000006,66.66499999999999,89.06,2284.365,59.1,2,1.0,1,0.8143448067743874
Train,2027-01-11 01:30:00,2027-01-11 01:59:00,483,NONE,55.0,27.95,106.06,53.8,66.63,89.09,2280.245,59.1,2,1.0,1,0.8247197464106698
Train,2027-01-11 02:00:00,2027-01-11 02:29:00,484,NONE,55.0,27.93,105.98,53.795,66.63,88.97,2282.77,59.1,2,1.0,1,0.8623213520686764
Train,2027-01-11 02:30:00,2027-01-11 02:59:00,485,NONE,55.0,27.98,106.045,53.795,66.6,89.065,2282.505,59.1,2,1.0,1,0.9326658448952342
Train,2027-01-11 03:00:00,2027-01-11 03:29:00,486,NONE,55.0,28.02,106.1,53.79,66.6,89.005,2283.0699999999997,59.1,2,1.0,1,0.8728360627118785
Train,2027-01-11 03:30:00,2027-01-11 03:59:00,487,NONE,55.0,28.015,106.07,53.79,66.58,89.035,2284.9449999999997,59.1,2,1.0,1,0.7096214090202123
Train,2027-01-11 04:00:00,2027-01-11 04:29:00,488,NONE,55.0,28.0,106.08500000000001,53.8,66.6,89.285,2285.375,59.1,2,1.0,1,0.7310096342631747
Train,2027-01-11 04:30:00,2027-01-11 04:59:00,489,NONE,55.0,27.975,106.08500000000001,53.82,66.61,89.205,2279.065,59.1,2,1.0,1,0.7411494179249138
Train,2027-01-11 05:00:00,2027-01-11 05:29:00,490,NONE,55.0,28.04,105.975,53.83,66.56,89.285,2282.625,59.1,2,1.0,1,0.8628410836364113
Train,2027-01-11 05:30:00,2027-01-11 05:59:00,491,NONE,55.0,27.98,106.02,53.82,66.55,89.125,2279.205,59.1,2,1.0,1,0.6846676014744727
Train,2027-01-11 06:00:00,2027-01-11 06:29:00,492,NONE,55.0,28.005000000000003,105.99,53.81,66.57,89.055,2282.2799999999997,59.11,2,1.0,1,1.0
Train,2027-01-11 06:30:00,2027-01-11 06:59:00,493,NONE,55.0,28.01,105.945,53.8,66.58,89.27,2283.1549999999997,59.11,2,1.0,1,1.0
Train,2027-01-11 07:00:00,2027-01-11 07:29:00,494,NONE,55.0,28.04,106.0,53.81,66.66,89.245,2282.505,59.11,2,1.0,1,1.0
Train,2027-01-11 07:30:00,2027-01-11 07:59:00,495,NONE,55.0,28.035,105.97,53.81,66.67,89.235,2284.42,59.11,2,1.0,1,0.9341225438152473
Train,2027-01-11 08:00:00,2027-01-11 08:29:00,496,NONE,55.0,28.07,105.965,53.82,66.62,89.34,2285.54,59.105000000000004,2,0.500000000000088,1,0.8089932032135542
Train,2027-01-11 08:30:00,2027-01-11 08:59:00,497,NONE,55.0,28.03,106.03999999999999,53.81,66.66,89.15,2283.715,59.11,2,1.0,1,1.0
Train,2027-01-11 09:00:00,2027-01-11 09:29:00,498,NONE,55.0,27.96,106.015,53.8,66.655,89.17,2283.105,59.11,2,1.0,1,1.0
Train,2027-01-11 09:30:00,2027-01-11 09:59:00,499,NONE,55.0,27.96,106.0,53.8,66.64,89.10499999999999,2281.9700000000003,59.11,2,1.0,1,1.0
Train,2027-01-11 10:00:00,2027-01-11 10:29:00,500,NONE,55.0,28.05,105.955,53.81,66.6,89.025,2278.955,59.11,2,1.0,1,0.708936747954957
Train,2027-01-11 10:30:00,2027-01-11 10:59:00,501,NONE,55.0,28.055,106.005,53.81,66.56,89.045,2283.2200000000003,59.11,2,1.0,1,0.9258515069349921
Train,2027-01-11 11:00:00,2027-01-11 11:29:00,502,NONE,55.0,28.05,106.07,53.81,66.56,89.045,2282.1549999999997,59.11,2,1.0,1,0.9239346892061904
Train,2027-01-11 11:30:00,2027-01-11 11:59:00,503,NONE,55.0,28.03,106.005,53.79,66.61,89.06,2279.43,59.11,2,1.0,1,0.7942698427736985
Train,2027-01-11 12:00:00,2027-01-11 12:29:00,504,NONE,55.0,28.01,105.98,53.79,66.7,89.125,2283.145,59.11,2,1.0,1,1.0
Train,2027-01-11 12:30:00,2027-01-11 12:59:00,505,NONE,55.0,28.035,106.045,53.8,66.73,89.16499999999999,2281.565,59.11,2,1.0,1,0.8022996679980444
Train,2027-01-11 13:00:00,2027-01-11 13:29:00,506,NONE,55.0,28.049999999999997,106.02,53.81,66.69,89.185,2278.5299999999997,59.11,2,1.0,1,0.6914445701611628
Train,2027-01-11 13:30:00,2027-01-11 13:59:00,507,NONE,55.0,27.985,105.955,53.8,66.68,89.17,2280.075,59.11,2,1.0,1,0.8300670880720379
Train,2027-01-11 14:00:00,2027-01-11 14:29:00,508,NONE,55.0,28.02,105.96,53.8,66.66,89.06,2279.145,59.11,2,1.0,1,0.753717773645762
Train,2027-01-11 14:30:00,2027-01-11 14:59:00,509,NONE,55.0,28.015,105.94,53.81,66.61,89.16,2282.8500000000004,59.11,2,1.0,1,1.0
Train,2027-01-11 15:00:00,2027-01-11 15:29:00,510,NONE,55.0,28.07,105.945,53.82,66.625,89.16,2283.605,59.11,2,0.500000000000088,1,1.0
Train,2027-01-11 15:30:00,2027-01-11 15:59:00,511,NONE,55.0,28.13,105.97999999999999,53.84,66.69,89.35,2278.995,59.12,2,0.13333333333335592,1,0.6158833479393127
Train,2027-01-11 16:00:00,2027-01-11 16:29:00,512,NONE,55.0,28.0,106.05,53.835,66.68,89.17500000000001,2277.09,59.11,2,1.0,1,0.5056903195413427
Train,2027-01-11 16:30:00,2027-01-11 16:59:00,513,NONE,55.0,27.975,106.03,53.845,66.66,89.25,2286.075,59.114999999999995,2,1.0,1,0.603502724518002
Train,2027-01-11 17:00:00,2027-01-11 17:29:00,514,NONE,55.0,27.92,106.015,53.835,66.63,89.11,2283.0600000000004,59.11,2,0.5000000000000978,1,1.0
Train,2027-01-11 17:30:00,2027-01-11 17:59:00,515,NONE,55.0,27.98,106.005,53.82,66.54,89.23,2285.4049999999997,59.12,2,1.0,1,0.525475170354811
Train,2027-01-11 18:00:00,2027-01-11 18:29:00,516,NONE,55.0,28.01,105.98,53.83,66.595,89.27,2282.465,59.12,2,1.0,1,0.7322461464433605
Train,2027-01-11 18:30:00,2027-01-11 18:59:00,517,NONE,55.0,27.98,106.01,53.83,66.715,89.285,2283.2799999999997,59.11,2,1.0,1,0.8516880627706442
Train,2027-01-11 19:00:00,2027-01-11 19:29:00,518,NONE,55.0,27.96,106.01,53.845,66.81,89.13,2282.865,59.12,2,1.0,1,0.46062522026573804
Train,2027-01-11 19:30:00,2027-01-11 19:59:00,519,NONE,55.0,28.02,106.08,53.84,66.76,89.11500000000001,2280.64,59.12,2,1.0,1,0.5675491160873347
Train,2027-01-11 20:00:00,2027-01-11 20:29:00,520,NONE,55.0,27.99,106.03,53.84,66.69,88.995,2282.355,59.11,2,1.0,1,0.8895295156715373
Train,2027-01-11 20:30:00,2027-01-11 20:59:00,521,NONE,55.0,28.02,105.99,53.82,66.63499999999999,89.035,2284.38,59.114999999999995,2,1.0,1,0.8645577989800053
Train,2027-01-11 21:00:00,2027-01-11 21:29:00,522,NONE,55.0,27.97,105.88,53.81,66.58,89.17500000000001,2282.9849999999997,59.11,2,1.0,1,1.0
Train,2027-01-11 21:30:00,2027-01-11 21:59:00,523,NONE,55.0,28.03,105.94,53.81,66.57,89.02000000000001,2281.24,59.11,2,1.0,1,0.8155364492563
Train,2027-01-11 22:00:00,2027-01-11 22:29:00,524,NONE,55.0,28.01,105.99,53.83,66.60499999999999,89.14,2281.0299999999997,59.11,2,1.0,1,0.8787362152419382
Train,2027-01-11 22:30:00,2027-01-11 22:59:00,525,NONE,55.0,27.985,105.99,53.84,66.58,89.125,2282.99,59.11,2,1.0,1,1.0
Train,2027-01-11 23:00:00,2027-01-11 23:29:00,526,NONE,55.0,28.0,105.985,53.84,66.545,89.46,2283.1,59.11,2,1.0,1,0.7225140076683279
Train,2027-01-11 23:30:00,2027-01-11 23:59:00,527,NONE,55.0,27.985,105.96,53.84,66.56,89.295,2284.715,59.11,2,1.0,1,0.7577630209140988
Train,2027-01-12 00:00:00,2027-01-12 00:29:00,528,NONE,55.0,28.055,105.95,53.82,66.61,89.28,2286.3599999999997,59.12,2,1.0,1,0.5922004953483737
Train,2027-01-12 00:30:00,2027-01-12 00:59:00,529,NONE,55.0,28.05,106.02,53.82,66.59,89.32499999999999,2287.3199999999997,59.11,2,1.0,1,0.5410681136768704
Train,2027-01-12 01:00:00,2027-01-12 01:29:00,530,NONE,55.0,27.945,105.995,53.82,66.62,89.19,2282.63,59.11,2,0.6666666666667449,1,1.0
Train,2027-01-12 01:30:00,2027-01-12 01:59:00,531,NONE,55.0,28.0,105.98,53.81,66.66,89.08,2282.12,59.11,2,1.0,1,1.0
Train,2027-01-12 02:00:00,2027-01-12 02:29:00,532,NONE,55.0,28.01,105.96,53.82,66.57,89.07,2284.645,59.11,2,1.0,1,0.8645577989800053
Train,2027-01-12 02:30:00,2027-01-12 02:59:00,533,NONE,55.0,28.025,105.93,53.83,66.61,89.15,2285.38,59.11,2,1.0,1,0.8100450492342557
Train,2027-01-12 03:00:00,2027-01-12 03:29:00,534,NONE,55.0,28.09,105.97,53.84,66.61,89.25,2279.4049999999997,59.11,2,0.2500000000000464,1,0.725313345105917
Train,2027-01-12 03:30:00,2027-01-12 03:59:00,535,NONE,55.0,28.060000000000002,106.06,53.83,66.69,89.16,2279.295,59.11,2,1.0,1,0.7363374933448036
Train,2027-01-12 04:00:00,2027-01-12 04:29:00,536,NONE,55.0,27.99,106.06,53.81,66.69,89.16499999999999,2282.04,59.11,2,1.0,1,1.0
Train,2027-01-12 04:30:00,2027-01-12 04:59:00,537,NONE,55.0,28.015,105.95,53.8,66.67,89.245,2283.82,59.11,2,1.0,1,1.0
Train,2027-01-12 05:00:00,2027-01-12 05:29:00,538,NONE,55.0,27.95,105.935,53.79,66.655,89.155,2281.425,59.105000000000004,2,1.0,1,1.0
Train,2027-01-12 05:30:00,2027-01-12 05:59:00,539,NONE,55.0,27.96,105.96,53.79,66.57,89.3,2281.275,59.1,2,1.0,1,0.9326658448952342
Train,2027-01-12 06:00:00,2027-01-12 06:29:00,540,NONE,55.0,27.92,106.05,53.8,66.595,89.17,2281.965,59.1,2,0.5000000000000978,1,0.9929116514539991
Train,2027-01-12 06:30:00,2027-01-12 06:59:00,541,NONE,55.0,27.96,106.0,53.79,66.57,89.25,2280.455,59.1,2,1.0,1,0.9000952688076872
Train,2027-01-12 07:00:00,2027-01-12 07:29:00,542,NONE,55.0,27.955,105.965,53.78,66.59,89.12,2283.385,59.11,2,1.0,1,0.9560132529771692
Train,2027-01-12 07:30:00,2027-01-12 07:59:00,543,NONE,55.0,28.045,105.98,53.78,66.625,89.12,2282.0950000000003,59.11,2,1.0,1,1.0
Train,2027-01-12 08:00:00,2027-01-12 08:29:00,544,NONE,55.0,28.09,106.02,53.78,66.69,89.095,2283.0950000000003,59.1,2,0.2500000000000464,1,0.8052037249824984
Train,2027-01-12 08:30:00,2027-01-12 08:59:00,545,NONE,55.0,28.09,105.96,53.78,66.655,89.12,2281.8050000000003,59.1,2,0.2500000000000464,1,0.9270209703747303
Train,2027-01-12 09:00:00,2027-01-12 09:29:00,546,NONE,55.0,28.05,105.99,53.785,66.67,89.25,2281.785,59.1,2,1.0,1,0.869692683584065
Train,2027-01-12 09:30:00,2027-01-12 09:59:00,547,NONE,55.0,27.98,105.975,53.79,66.67,89.13,2282.865,59.1,2,1.0,1,0.8790573731003711
Train,2027-01-12 10:00:00,2027-01-12 10:29:00,548,NONE,55.0,28.055,105.985,53.79,66.63499999999999,89.095,2281.43,59.11,2,1.0,1,0.9876877501151404
Train,2027-01-12 10:30:00,2027-01-12 10:59:00,549,NONE,55.0,28.015,106.0,53.79,66.66,89.19,2284.49,59.105000000000004,2,1.0,1,0.8587468985510613
Train,2027-01-12 11:00:00,2027-01-12 11:29:00,550,NONE,55.0,28.05,106.02,53.82,66.78999999999999,89.08,2283.7349999999997,59.1,2,1.0,1,0.4649394215817551
Train,2027-01-12 11:30:00,2027-01-12 11:59:00,551,NONE,55.0,27.93,105.99,53.8,66.78,89.28,2282.715,59.11,2,1.0,1,0.5974567741955664
Train,2027-01-12 12:00:00,2027-01-12 12:29:00,552,NONE,55.0,27.94,105.935,53.8,66.73,89.25,2281.115,59.11,2,1.0,1,0.7599453383849082
Train,2027-01-12 12:30:00,2027-01-12 12:59:00,553,NONE,55.0,27.94,105.995,53.8,66.74,89.195,2279.49,59.11,2,1.0,1,0.7399855593266329
Train,2027-01-12 13:00:00,2027-01-12 13:29:00,554,NONE,55.0,27.935000000000002,105.985,53.78,66.69,89.07,2281.0249999999996,59.11,2,0.6666666666669013,1,0.9595452046075982
Train,2027-01-12 13:30:00,2027-01-12 13:59:00,555,NONE,55.0,28.005000000000003,105.995,53.785,66.73,89.155,2284.005,59.11,2,1.0,1,0.7231831619002643
Train,2027-01-12 14:00:00,2027-01-12 14:29:00,556,NONE,55.0,28.08,105.99,53.78,66.72,89.21000000000001,2280.705,59.11,2,0.3333333333334116,1,0.7858130178602714
Train,2027-01-12 14:30:00,2027-01-12 14:59:00,557,NONE,55.0,28.005000000000003,105.96,53.77,66.68,89.19,2282.27,59.11,2,1.0,1,1.0
Train,2027-01-12 15:00:00,2027-01-12 15:29:00,558,NONE,55.0,27.92,106.04,53.78,66.655,89.235,2285.075,59.11,2,0.5000000000000978,1,0.8124068556679598
Train,2027-01-12 15:30:00,2027-01-12 15:59:00,559,NONE,55.0,27.99,105.97,53.81,66.715,89.04,2279.835,59.12,2,1.0,1,0.7092929969675281
Train,2027-01-12 16:00:00,2027-01-12 16:29:00,560,NONE,55.0,28.02,105.99,53.81,66.74,89.31,2280.16,59.12,2,1.0,1,0.6797981932441698
Train,2027-01-12 16:30:00,2027-01-12 16:59:00,561,NONE,55.0,28.0,106.04,53.82,66.68,89.11,2282.76,59.12,2,1.0,1,0.7670679705377903
Train,2027-01-12 17:00:00,2027-01-12 17:29:00,562,NONE,55.0,27.975,106.02,53.81,66.69,89.155,2286.3450000000003,59.12,2,1.0,1,0.5019208232210818
Train,2027-01-12 17:30:00,2027-01-12 17:59:00,563,NONE,55.0,28.05,105.99,53.83,66.63,89.15,2283.9750000000004,59.12,2,1.0,1,0.7595459244293179
Train,2027-01-12 18:00:00,2027-01-12 18:29:00,564,NONE,55.0,27.985,105.97,53.82,66.66499999999999,89.14,2278.96,59.12,2,1.0,1,0.6816250822408337
Train,2027-01-12 18:30:00,2027-01-12 18:59:00,565,NONE,55.0,28.005000000000003,106.015,53.82,66.64500000000001,89.14,2277.575,59.12,2,1.0,1,0.579014402227489
Train,2027-01-12 19:00:00,2027-01-12 19:29:00,566,NONE,55.0,28.01,106.025,53.82,66.56,88.98,2278.27,59.12,2,1.0,1,0.45862745373770003
Train,2027-01-13 02:30:00,2027-01-13 02:59:00,581,NONE,48.0,21.025,118.445,52.89,66.495,80.6,1993.875,59.12,4,1.0,3,0.6927408201912033
Train,2027-01-13 03:00:00,2027-01-13 03:29:00,582,NONE,48.0,21.0,118.22,52.9,66.46,80.68,1989.46,59.12,4,1.0,3,0.6573314990707356
Train,2027-01-13 03:30:00,2027-01-13 03:59:00,583,NONE,48.0,20.91,118.015,52.92,66.49,80.81,1989.975,59.12,4,0.11111111111117292,3,0.6817197366955152
Train,2027-01-13 04:00:00,2027-01-13 04:29:00,584,NONE,48.0,21.03,117.975,52.94,66.52,80.805,1997.01,59.12,4,1.0,3,0.511518226108074
Train,2027-01-13 04:30:00,2027-01-13 04:59:00,585,NONE,48.0,21.03,118.09,52.94,66.56,80.64,1990.92,59.12,4,1.0,3,0.6618294891262636
Train,2027-01-13 05:00:00,2027-01-13 05:29:00,586,NONE,48.0,21.07,118.12,52.93,66.53,80.65,1987.3249999999998,59.11,4,0.2500000000001271,3,0.3912934419834647
Train,2027-01-13 05:30:00,2027-01-13 05:59:00,587,NONE,48.0,21.015,118.11500000000001,52.92,66.515,80.76,1993.005,59.11,4,1.0,3,0.6228447112581001
Train,2027-01-13 06:00:00,2027-01-13 06:29:00,588,NONE,48.0,20.99,118.25,52.91,66.49,80.58,1996.955,59.12,4,1.0,3,0.5560722087753134
Train,2027-01-13 06:30:00,2027-01-13 06:59:00,589,NONE,48.0,21.02,118.27,52.91,66.36,80.695,1996.52,59.12,4,1.0,3,0.48424448905779727
Train,2027-01-13 07:00:00,2027-01-13 07:29:00,590,NONE,48.0,20.98,118.4,52.9,66.39,80.69,1996.63,59.11,4,0.5000000000003519,3,0.42023774232985284
Train,2027-01-13 07:30:00,2027-01-13 07:59:00,591,NONE,48.0,21.07,118.275,52.91,66.46,80.795,1995.12,59.11,4,0.2500000000001271,3,0.5216321650425798
Train,2027-01-13 08:00:00,2027-01-13 08:29:00,592,NONE,48.0,20.994999999999997,118.42,52.92,66.57,80.695,1992.025,59.12,4,1.0,3,0.6532328476798477
Train,2027-01-13 08:30:00,2027-01-13 08:59:00,593,NONE,48.0,20.89,118.235,52.94,66.56,80.655,1988.6399999999999,59.12,4,0.07692307692311857,3,0.5133427699589032
Train,2027-01-13 09:00:00,2027-01-13 09:29:00,594,NONE,48.0,20.93,117.985,52.94,66.495,80.83500000000001,1990.83,59.12,4,0.1666666666667449,3,0.7646861304027319
Train,2027-01-13 09:30:00,2027-01-13 09:59:00,595,NONE,48.0,20.985,118.195,52.93,66.42500000000001,80.715,1994.48,59.12,4,1.0,3,0.6738085859770733
Train,2027-01-13 10:00:00,2027-01-13 10:29:00,596,NONE,48.0,21.0,118.22,52.93,66.48,80.7,1991.8249999999998,59.12,4,1.0,3,0.8565208390408099
Train,2027-01-13 10:30:00,2027-01-13 10:59:00,597,NONE,48.0,21.03,118.31,52.93,66.47,80.775,1991.085,59.12,4,1.0,3,0.8281962621915947
Train,2027-01-13 11:00:00,2027-01-13 11:29:00,598,NONE,48.0,20.994999999999997,118.24,52.93,66.41,80.64500000000001,1987.56,59.12,4,1.0,3,0.4947070276286691
Train,2027-01-13 11:30:00,2027-01-13 11:59:00,599,NONE,48.0,21.03,118.215,52.92,66.48,80.785,1992.99,59.12,4,1.0,3,0.8489197001000447
Train,2027-01-13 12:00:00,2027-01-13 12:29:00,600,NONE,48.0,20.97,118.18,52.925,66.455,80.63,1991.2849999999999,59.12,4,0.3333333333335071,3,0.8034730671224128
Train,2027-01-13 12:30:00,2027-01-13 12:59:00,601,NONE,48.0,21.03,118.08500000000001,52.94,66.375,80.63499999999999,1989.9299999999998,59.13,4,1.0,3,0.6702887886293696
Train,2027-01-13 13:00:00,2027-01-13 13:29:00,602,NONE,48.0,21.04,117.93,52.93,66.315,80.89,1994.375,59.13,4,0.5000000000003519,3,0.5911108475155141
Train,2027-01-13 13:30:00,2027-01-13 13:59:00,603,NONE,48.0,20.955,118.31,52.92,66.33,80.67,1994.2,59.12,4,0.3333333333335071,3,0.5216321650425798
Train,2027-01-13 14:00:00,2027-01-13 14:29:00,604,NONE,48.0,21.14,118.47999999999999,52.92,66.345,80.69,1989.62,59.13,4,0.05555555555558404,3,0.5631788109902583
Train,2027-01-13 14:30:00,2027-01-13 14:59:00,605,NONE,48.0,21.035,118.17500000000001,52.92,66.405,81.055,1991.5749999999998,59.13,4,1.0,3,0.7703230447031021
Train,2027-01-13 15:00:00,2027-01-13 15:29:00,606,NONE,48.0,21.03,118.16,52.91,66.43,80.68,1996.505,59.13,4,1.0,3,0.6452047173618237
Train,2027-01-13 15:30:00,2027-01-13 15:59:00,607,NONE,48.0,20.994999999999997,118.06,52.91,66.43,80.745,1992.895,59.13,4,1.0,3,0.9381848294120598
Train,2027-01-13 16:00:00,2027-01-13 16:29:00,608,NONE,48.0,20.994999999999997,118.305,52.9,66.43,80.68,1992.275,59.13,4,1.0,3,0.912405177588046
Train,2027-01-13 16:30:00,2027-01-13 16:59:00,609,NONE,48.0,21.0,118.055,52.894999999999996,66.45,80.755,1991.98,59.14,4,1.0,3,1.0
Train,2027-01-13 17:00:00,2027-01-13 17:29:00,610,NONE,48.0,21.01,118.35499999999999,52.88,66.5,80.565,1992.37,59.14,4,1.0,3,0.9967366569957904
Train,2027-01-13 17:30:00,2027-01-13 17:59:00,611,NONE,48.0,21.01,118.245,52.9,66.545,80.78,1991.865,59.13,4,1.0,3,0.7961096585931706
Train,2027-01-13 18:00:00,2027-01-13 18:29:00,612,NONE,48.0,21.015,118.38499999999999,52.885000000000005,66.49,80.66499999999999,1992.02,59.13,4,1.0,3,0.9379921304184314
Train,2027-01-13 18:30:00,2027-01-13 18:59:00,613,NONE,48.0,21.04,118.2,52.89,66.42,80.77000000000001,1993.26,59.13,4,0.5000000000003519,3,0.8860217840523997
Train,2027-01-13 19:00:00,2027-01-13 19:29:00,614,NONE,48.0,21.02,118.26,52.885000000000005,66.35,80.725,1993.35,59.13,4,1.0,3,0.7293432804032692
Train,2027-01-13 19:30:00,2027-01-13 19:59:00,615,NONE,48.0,20.96,118.07,52.91,66.42,80.67,1990.5149999999999,59.13,4,0.3333333333335071,3,0.8833506351472906
Train,2027-01-13 20:00:00,2027-01-13 20:29:00,616,NONE,48.0,21.03,118.16499999999999,52.89,66.39,80.74,1991.33,59.14,4,1.0,3,0.8919727028081084
Train,2027-01-13 20:30:00,2027-01-13 20:59:00,617,NONE,48.0,21.0,118.24,52.9,66.38,80.765,1994.14,59.14,4,1.0,3,0.7865310339512733
Train,2027-01-13 21:00:00,2027-01-13 21:29:00,618,NONE,48.0,21.0,118.08500000000001,52.905,66.41,80.72,1993.795,59.14,4,1.0,3,0.9378999457216586
Train,2027-01-13 21:30:00,2027-01-13 21:59:00,619,NONE,48.0,20.99,118.08,52.92,66.42,80.68,1993.73,59.14,4,1.0,3,1.0
Train,2027-01-13 22:00:00,2027-01-13 22:29:00,620,NONE,48.0,21.005000000000003,118.47,52.9,66.43,80.67,1992.3899999999999,59.144999999999996,4,1.0,3,1.0
Train,2027-01-13 22:30:00,2027-01-13 22:59:00,621,NONE,48.0,20.96,118.195,52.9,66.47,80.66,1989.51,59.14,4,0.3333333333335071,3,0.9937168133965605
Train,2027-01-13 23:00:00,2027-01-13 23:29:00,622,NONE,48.0,21.045,118.155,52.91,66.485,80.55,1991.585,59.15,4,0.5000000000003519,3,1.0
Train,2027-01-13 23:30:00,2027-01-13 23:59:00,623,NONE,48.0,20.99,118.19,52.9,66.44,80.625,1992.135,59.15,4,1.0,3,0.8975316070408919
Train,2027-01-14 00:00:00,2027-01-14 00:29:00,624,NONE,48.0,21.04,118.185,52.92,66.44,80.78999999999999,1996.13,59.15,4,0.5000000000003519,3,0.7284059088891512
Train,2027-01-14 00:30:00,2027-01-14 00:59:00,625,NONE,48.0,20.95,118.19,52.93,66.41,80.78,1996.025,59.15,4,0.2500000000001369,3,0.6876727245507573
Train,2027-01-14 01:00:00,2027-01-14 01:29:00,626,NONE,48.0,20.95,118.185,52.92,66.38,80.76,1991.5,59.15,4,0.2500000000001369,3,0.6854096279111939
Train,2027-01-14 01:30:00,2027-01-14 01:59:00,627,NONE,48.0,20.94,118.14500000000001,52.915,66.475,80.83,1995.67,59.14,4,0.2500000000001271,3,1.0
Train,2027-01-14 02:00:00,2027-01-14 02:29:00,628,NONE,48.0,21.05,118.27,52.89,66.53,80.7,1994.8200000000002,59.15,4,0.5000000000001955,3,0.9672055158712535
Train,2027-01-14 02:30:00,2027-01-14 02:59:00,629,NONE,48.0,21.06,118.315,52.9,66.49,80.63,1993.42,59.15,4,0.5000000000001564,3,1.0
Train,2027-01-14 03:00:00,2027-01-14 03:29:00,630,NONE,48.0,21.009999999999998,118.045,52.93,66.52,80.66499999999999,1990.295,59.15,4,1.0,3,0.8567239145893042
Train,2027-01-14 03:30:00,2027-01-14 03:59:00,631,NONE,48.0,21.01,118.19,52.9,66.41,80.80000000000001,1991.375,59.14,4,1.0,3,0.9991860206627174
Train,2027-01-14 04:00:00,2027-01-14 04:29:00,632,NONE,48.0,21.045,118.38,52.91,66.475,80.68,1987.9099999999999,59.15,4,0.5000000000003519,3,0.7318725066549393
Train,2027-01-14 04:30:00,2027-01-14 04:59:00,633,NONE,48.0,21.04,118.305,52.915,66.465,80.715,1986.455,59.14,4,0.5000000000003519,3,0.5340693446279411
Train,2027-01-14 05:00:00,2027-01-14 05:29:00,634,NONE,48.0,20.98,118.3,52.91,66.59,80.84,1988.31,59.15,4,0.5000000000003519,3,0.534739494586197
Train,2027-01-14 05:30:00,2027-01-14 05:59:00,635,NONE,48.0,21.064999999999998,118.24000000000001,52.93,66.60499999999999,80.65,1992.24,59.14,4,0.3333333333334898,3,0.6787432564718974
Train,2027-01-14 06:00:00,2027-01-14 06:29:00,636,NONE,48.0,21.0,118.05000000000001,52.94,66.535,80.72,1994.975,59.14,4,1.0,3,0.8962152450991637
Train,2027-01-14 06:30:00,2027-01-14 06:59:00,637,NONE,48.0,20.91,118.15,52.91,66.535,80.66,1991.785,59.14,4,0.11111111111117292,3,1.0
Train,2027-01-14 07:00:00,2027-01-14 07:29:00,638,NONE,48.0,20.994999999999997,118.29,52.91,66.53,80.63499999999999,1987.9650000000001,59.144999999999996,4,1.0,3,0.7536490734885024
Train,2027-01-14 07:30:00,2027-01-14 07:59:00,639,NONE,48.0,21.005000000000003,118.29,52.915,66.49,80.505,1986.435,59.14,4,1.0,3,0.5274663235047072
Train,2027-01-14 08:00:00,2027-01-14 08:29:00,640,NONE,48.0,20.985,118.16499999999999,52.93,66.41499999999999,80.565,1993.585,59.14,4,1.0,3,0.9440554677334019
Train,2027-01-14 08:30:00,2027-01-14 08:59:00,641,NONE,48.0,20.985,118.15,52.93,66.48,80.6,1990.3600000000001,59.15,4,1.0,3,1.0
Train,2027-01-14 09:00:00,2027-01-14 09:29:00,642,NONE,48.0,20.985,118.13,52.94,66.44,80.735,1991.3899999999999,59.15,4,1.0,3,0.9048977771580562
Train,2027-01-14 09:30:00,2027-01-14 09:59:00,643,NONE,48.0,21.09,118.14,52.94,66.47,80.605,1989.84,59.14,4,0.125000000000066,3,0.9738475448660479
Train,2027-01-14 10:00:00,2027-01-14 10:29:00,644,NONE,48.0,21.015,118.045,52.96,66.455,80.625,1992.66,59.14,4,1.0,3,0.9484817361616293
Train,2027-01-14 10:30:00,2027-01-14 10:59:00,645,NONE,48.0,21.005000000000003,118.08500000000001,52.95,66.49,80.59,1994.335,59.14,4,1.0,3,0.9792875787707473
Train,2027-01-14 11:00:00,2027-01-14 11:29:00,646,NONE,48.0,20.97,118.31,52.96,66.5,80.625,1993.9250000000002,59.135000000000005,4,0.3333333333335071,3,0.8058404287558228
Train,2027-01-14 11:30:00,2027-01-14 11:59:00,647,NONE,48.0,21.049999999999997,118.16,52.95,66.465,80.68,1996.895,59.14,4,0.5000000000003519,3,0.7741463029470879
Train,2027-01-14 12:00:00,2027-01-14 12:29:00,648,NONE,48.0,21.05,118.38499999999999,52.93,66.46,80.68,1991.045,59.135000000000005,4,0.5000000000001955,3,1.0
Train,2027-01-14 12:30:00,2027-01-14 12:59:00,649,NONE,48.0,21.09,118.235,52.96,66.475,80.58500000000001,1994.46,59.14,4,0.125000000000066,3,1.0
Train,2027-01-14 13:00:00,2027-01-14 13:29:00,650,NONE,48.0,21.07,117.99,52.96,66.475,80.64500000000001,1996.255,59.14,4,0.2500000000001271,3,0.8800475648306316
Train,2027-01-14 13:30:00,2027-01-14 13:59:00,651,NONE,48.0,21.035,118.19,52.95,66.48,80.56,1991.725,59.14,4,1.0,3,0.9999102979142854
Train,2027-01-14 14:00:00,2027-01-14 14:29:00,652,NONE,48.0,21.035,118.11,52.96,66.43,80.71,1993.545,59.14,4,1.0,3,0.9381848294120598
Train,2027-01-14 14:30:00,2027-01-14 14:59:00,653,NONE,48.0,21.01,118.16499999999999,52.94,66.485,80.66,1995.2350000000001,59.15,4,1.0,3,1.0
Train,2027-01-14 15:00:00,2027-01-14 15:29:00,654,NONE,48.0,21.0,118.33,52.91,66.49,80.61,1994.54,59.14,4,1.0,3,0.9929412489056185
Train,2027-01-14 15:30:00,2027-01-14 15:59:00,655,NONE,48.0,20.994999999999997,118.09,52.905,66.535,80.56,1992.425,59.15,4,1.0,3,1.0
Train,2027-01-14 16:00:00,2027-01-14 16:29:00,656,NONE,48.0,20.97,118.265,52.9,66.53,80.565,1994.315,59.15,4,0.3333333333335071,3,0.9414618354454386
Train,2027-01-14 16:30:00,2027-01-14 16:59:00,657,NONE,48.0,21.025,118.39,52.87,66.57,80.625,1991.615,59.15,4,1.0,3,0.80094495751192
Train,2027-01-14 17:00:00,2027-01-14 17:29:00,658,NONE,48.0,21.03,118.185,52.87,66.55,80.775,1993.24,59.15,4,1.0,3,0.8875114433192232
Train,2027-01-14 17:30:00,2027-01-14 17:59:00,659,NONE,48.0,21.025,118.36500000000001,52.864999999999995,66.505,80.77,1993.675,59.15,4,1.0,3,0.9969352338479646
Train,2027-01-14 18:00:00,2027-01-14 18:29:00,660,NONE,48.0,20.96,118.27000000000001,52.89,66.505,80.775,1994.1599999999999,59.15,4,0.3333333333335071,3,1.0
Train,2027-01-14 18:30:00,2027-01-14 18:59:00,661,NONE,48.0,21.06,118.38,52.88,66.48,80.52000000000001,1992.3400000000001,59.15,4,0.5000000000001564,3,0.9348191793077402
Train,2027-01-14 19:00:00,2027-01-14 19:29:00,662,NONE,48.0,21.02,118.16499999999999,52.88,66.485,80.93,1990.65,59.14,4,1.0,3,0.9637178182456222
Train,2027-01-14 19:30:00,2027-01-14 19:59:00,663,NONE,48.0,21.015,118.10499999999999,52.87,66.49,80.66,1988.555,59.14,4,1.0,3,0.7873772000177668
Train,2027-01-14 20:00:00,2027-01-14 20:29:00,664,NONE,48.0,20.950000000000003,118.075,52.88,66.535,80.81,1993.135,59.14,4,0.2500000000001858,3,0.9142779978552658
Train,2027-01-14 20:30:00,2027-01-14 20:59:00,665,NONE,48.0,20.985,118.26,52.87,66.48,80.69,1994.4850000000001,59.14,4,1.0,3,0.9327489940290379
Train,2027-01-14 21:00:00,2027-01-14 21:29:00,666,NONE,48.0,21.055,118.475,52.875,66.505,80.745,1997.7350000000001,59.14,4,0.3333333333334898,3,0.5726026129343424
Train,2027-01-14 21:30:00,2027-01-14 21:59:00,667,NONE,48.0,21.03,118.09,52.89,66.52,80.65,1986.625,59.14,4,1.0,3,0.529767103197207
Train,2027-01-14 22:00:00,2027-01-14 22:29:00,668,NONE,48.0,21.04,118.295,52.88,66.495,80.57499999999999,1989.525,59.144999999999996,4,0.5000000000003519,3,1.0
Train,2027-01-14 22:30:00,2027-01-14 22:59:00,669,NONE,48.0,20.93,118.13,52.894999999999996,66.53,80.705,1993.4,59.15,4,0.1666666666667449,3,0.9246759509930332
Train,2027-01-14 23:00:00,2027-01-14 23:29:00,670,NONE,48.0,21.05,118.24,52.89,66.49,80.7,1990.4299999999998,59.14,4,0.5000000000001955,3,1.0
Train,2027-01-14 23:30:00,2027-01-14 23:59:00,671,NONE,48.0,21.03,118.52,52.9,66.505,80.535,1991.185,59.14,4,1.0,3,1.0
Train,2027-01-15 00:00:00,2027-01-15 00:29:00,672,NONE,48.0,21.03,118.475,52.91,66.44,80.535,1990.6599999999999,59.144999999999996,4,1.0,3,1.0
Train,2027-01-15 00:30:00,2027-01-15 00:59:00,673,NONE,48.0,20.994999999999997,118.30000000000001,52.91,66.515,80.685,1991.3200000000002,59.144999999999996,4,1.0,3,1.0
Train,2027-01-15 01:00:00,2027-01-15 01:29:00,674,NONE,48.0,21.03,118.185,52.91,66.49,80.52,1991.025,59.14,4,1.0,3,1.0
Train,2027-01-15 01:30:00,2027-01-15 01:59:00,675,NONE,48.0,21.025,117.94,52.92,66.51,80.68,1996.21,59.15,4,1.0,3,0.8475622940362608
Train,2027-01-15 02:00:00,2027-01-15 02:29:00,676,NONE,48.0,21.01,118.02000000000001,52.92,66.455,80.72999999999999,1996.135,59.15,4,1.0,3,0.779477504131201
Train,2027-01-15 02:30:00,2027-01-15 02:59:00,677,NONE,48.0,20.955,118.09,52.92,66.45,80.76,1987.44,59.15,4,0.3333333333335071,3,0.6258735519702704
Train,2027-01-15 03:00:00,2027-01-15 03:29:00,678,NONE,48.0,20.98,118.14500000000001,52.894999999999996,66.455,80.64,1990.245,59.14,4,0.5000000000003519,3,1.0
Train,2027-01-15 03:30:00,2027-01-15 03:59:00,679,NONE,48.0,20.97,118.16,52.92,66.45,80.79,1994.19,59.15,4,0.3333333333335071,3,0.9589065791600601
Train,2027-01-15 04:00:00,2027-01-15 04:29:00,680,NONE,48.0,21.025,118.22,52.91,66.47999999999999,80.725,1993.9,59.16,4,1.0,3,0.7889379703659252
Train,2027-01-15 04:30:00,2027-01-15 04:59:00,681,NONE,48.0,21.0,118.32,52.93,66.52,80.68,1991.82,59.16,4,1.0,3,0.7825275331491869
Train,2027-01-15 07:00:00,2027-01-15 07:29:00,686,NONE,50.0,24.915,114.72999999999999,53.21,66.51,83.03,2072.99,59.17,-1,0.0,5,1.0
Train,2027-01-15 07:30:00,2027-01-15 07:59:00,687,NONE,50.0,24.95,114.805,53.18,66.56,83.14,2075.3450000000003,59.165,7,1.0,5,1.0
Train,2027-01-15 08:00:00,2027-01-15 08:29:00,688,NONE,50.0,24.97,114.81,53.17,66.59,82.92,2072.5550000000003,59.16,6,1.0,5,0.9087348218782972
Train,2027-01-15 08:30:00,2027-01-15 08:59:00,689,NONE,50.0,24.99,114.93,53.17,66.53,83.21,2074.87,59.16,12,1.0,5,1.0
Train,2027-01-15 09:00:00,2027-01-15 09:29:00,690,NONE,50.0,25.005000000000003,114.9,53.16,66.595,83.125,2070.54,59.16,8,1.0,5,0.7258534165776618
Train,2027-01-15 09:30:00,2027-01-15 09:59:00,691,NONE,50.0,25.045,115.04,53.16,66.6,82.96,2074.8199999999997,59.16,10,1.0,5,0.9101968973250268
Train,2027-01-15 10:00:00,2027-01-15 10:29:00,692,NONE,50.0,25.055,115.025,53.16,66.595,82.83,2075.745,59.16,10,1.0,5,0.8621309279493412
Train,2027-01-15 10:30:00,2027-01-15 10:59:00,693,NONE,50.0,25.06,115.08500000000001,53.15,66.53,82.92,2073.5299999999997,59.16,10,1.0,5,1.0
Train,2027-01-15 11:00:00,2027-01-15 11:29:00,694,NONE,50.0,25.02,115.11500000000001,53.13,66.565,82.99,2074.02,59.16,8,1.0,5,1.0
Train,2027-01-15 11:30:00,2027-01-15 11:59:00,695,NONE,50.0,25.055,115.08500000000001,53.14,66.62,82.78,2078.215,59.16,10,1.0,5,0.7380337902774728
Train,2027-01-15 12:00:00,2027-01-15 12:29:00,696,NONE,50.0,24.97,114.995,53.13,66.525,83.005,2071.245,59.16,6,1.0,5,0.8736579213872975
Train,2027-01-15 12:30:00,2027-01-15 12:59:00,697,NONE,50.0,25.025,115.205,53.11,66.47,82.83,2072.7650000000003,59.16,8,1.0,5,0.9556250820375005
Train,2027-01-15 13:00:00,2027-01-15 13:29:00,698,NONE,50.0,25.01,115.16,53.1,66.49,82.955,2074.11,59.16,8,1.0,5,0.9985501845381554
Train,2027-01-15 13:30:00,2027-01-15 13:59:00,699,NONE,50.0,24.925,115.07499999999999,53.1,66.44,83.02,2070.8450000000003,59.16,7,0.99999999999929,5,0.6955143500735309
Train,2027-01-15 14:00:00,2027-01-15 14:29:00,700,NONE,50.0,25.0,114.92,53.13,66.41,83.05000000000001,2072.035,59.16,-1,0.0,5,0.8523414329921581
Train,2027-01-15 14:30:00,2027-01-15 14:59:00,701,NONE,50.0,25.045,114.985,53.14,66.42,83.17,2076.315,59.16,10,1.0,5,0.9542870272627766
Train,2027-01-15 15:00:00,2027-01-15 15:29:00,702,NONE,50.0,25.03,114.875,53.14,66.465,83.125,2076.2799999999997,59.16,9,1.0,5,1.0
Train,2027-01-15 15:30:00,2027-01-15 15:59:00,703,NONE,50.0,25.035,114.8,53.14,66.48,82.965,2076.495,59.16,9,1.0,5,1.0
Train,2027-01-15 16:00:00,2027-01-15 16:29:00,704,NONE,50.0,24.94,114.88499999999999,53.14,66.465,82.91499999999999,2077.3599999999997,59.16,7,1.0,5,1.0
Train,2027-01-15 16:30:00,2027-01-15 16:59:00,705,NONE,50.0,24.99,114.855,53.14,66.45,83.19,2078.5299999999997,59.16,12,1.0,5,1.0
Train,2027-01-15 17:00:00,2027-01-15 17:29:00,706,NONE,50.0,24.94,115.15,53.1,66.485,82.91,2073.25,59.17,7,1.0,5,1.0
Train,2027-01-15 17:30:00,2027-01-15 17:59:00,707,NONE,50.0,24.905,114.95,53.11,66.5,82.99,2074.4750000000004,59.165,-1,0.0,5,1.0
Train,2027-01-15 18:00:00,2027-01-15 18:29:00,708,NONE,50.0,25.03,115.215,53.1,66.45,82.815,2081.0699999999997,59.17,9,1.0,5,0.5915215922388751
Train,2027-01-15 18:30:00,2027-01-15 18:59:00,709,NONE,50.0,24.994999999999997,114.99000000000001,53.12,66.47,82.965,2078.7749999999996,59.17,12,0.0,5,1.0
Train,2027-01-15 19:00:00,2027-01-15 19:29:00,710,NONE,50.0,24.935000000000002,115.27000000000001,53.13,66.53,82.89500000000001,2081.815,59.165,7,0.9999999999999989,5,0.5891048101241793
Train,2027-01-15 19:30:00,2027-01-15 19:59:00,711,NONE,50.0,25.02,114.99,53.14,66.49,83.05,2080.055,59.17,8,1.0,5,0.7977645095629791
Train,2027-01-15 20:00:00,2027-01-15 20:29:00,712,NONE,50.0,25.075,115.195,53.13,66.5,82.995,2076.9,59.17,-1,0.0,5,1.0
Train,2027-01-15 20:30:00,2027-01-15 20:59:00,713,NONE,50.0,25.03,115.19,53.114999999999995,66.52,83.07,2074.815,59.17,9,1.0,5,1.0
Train,2027-01-15 21:00:00,2027-01-15 21:29:00,714,NONE,50.0,25.035,114.955,53.12,66.42500000000001,82.99,2075.17,59.17,9,1.0,5,1.0
Train,2027-01-15 21:30:00,2027-01-15 21:59:00,715,NONE,50.0,25.01,114.81,53.15,66.34,83.0,2073.335,59.17,8,1.0,5,0.7152915520231796
Train,2027-01-15 22:00:00,2027-01-15 22:29:00,716,NONE,50.0,25.095,115.12,53.144999999999996,66.37,83.04,2075.085,59.175,-1,0.0,5,0.8354213032565386
Train,2027-01-15 22:30:00,2027-01-15 22:59:00,717,NONE,50.0,25.075,115.185,53.16,66.49,83.07,2074.965,59.18,-1,0.0,5,1.0
Train,2027-01-15 23:00:00,2027-01-15 23:29:00,718,NONE,50.0,24.99,114.985,53.15,66.5,82.97999999999999,2070.365,59.18,12,1.0,5,1.0
Train,2027-01-15 23:30:00,2027-01-15 23:59:00,719,NONE,50.0,24.96,114.975,53.15,66.495,83.02000000000001,2072.175,59.17,6,1.0,5,1.0
Train,2027-01-16 00:00:00,2027-01-16 00:29:00,720,NONE,50.0,24.93,114.93,53.16,66.445,83.02000000000001,2077.91,59.175,7,0.99999999999929,5,1.0
Train,2027-01-16 00:30:00,2027-01-16 00:59:00,721,NONE,50.0,24.955,115.1,53.15,66.45,82.83,2075.41,59.175,7,1.0,5,1.0
Train,2027-01-16 01:00:00,2027-01-16 01:29:00,722,NONE,50.0,24.935000000000002,115.03,53.14,66.48,82.92500000000001,2075.11,59.18,7,0.9999999999999989,5,1.0
Train,2027-01-16 01:30:00,2027-01-16 01:59:00,723,NONE,50.0,24.95,114.84,53.15,66.475,83.08500000000001,2071.67,59.17,7,1.0,5,1.0
Train,2027-01-16 02:00:00,2027-01-16 02:29:00,724,NONE,50.0,24.96,114.865,53.15,66.48,83.10499999999999,2076.845,59.17,6,1.0,5,1.0
Train,2027-01-16 02:30:00,2027-01-16 02:59:00,725,NONE,50.0,24.945,114.91,53.155,66.51,82.88,2075.34,59.18,7,1.0,5,1.0
Train,2027-01-16 03:00:00,2027-01-16 03:29:00,726,NONE,50.0,25.015,115.17500000000001,53.13,66.47,82.775,2073.63,59.18,8,1.0,5,1.0
Train,2027-01-16 03:30:00,2027-01-16 03:59:00,727,NONE,50.0,25.005000000000003,115.10499999999999,53.13,66.53,83.03,2073.525,59.18,8,1.0,5,1.0
Train,2027-01-16 04:00:00,2027-01-16 04:29:00,728,NONE,50.0,25.020000000000003,115.02,53.13,66.52,82.935,2074.045,59.18,8,1.0,5,1.0
Train,2027-01-16 04:30:00,2027-01-16 04:59:00,729,NONE,50.0,25.08,115.135,53.13,66.52,83.095,2072.23,59.18,-1,0.0,5,1.0
Train,2027-01-16 05:00:00,2027-01-16 05:29:00,730,NONE,50.0,24.97,114.96,53.15,66.51,83.05000000000001,2075.0550000000003,59.18,6,1.0,5,1.0
Train,2027-01-16 05:30:00,2027-01-16 05:59:00,731,NONE,50.0,24.96,115.22,53.12,66.57499999999999,82.985,2072.31,59.18,6,1.0,5,1.0
Train,2027-01-16 06:00:00,2027-01-16 06:29:00,732,NONE,50.0,24.98,115.01,53.13,66.6,83.15,2072.25,59.18,11,1.0,5,1.0
Train,2027-01-16 06:30:00,2027-01-16 06:59:00,733,NONE,50.0,24.98,114.945,53.14,66.61,82.97,2074.41,59.18,11,1.0,5,1.0
Train,2027-01-16 07:00:00,2027-01-16 07:29:00,734,NONE,50.0,25.09,115.225,53.14,66.62,82.86500000000001,2076.45,59.19,-1,0.0,5,1.0
Train,2027-01-16 07:30:00,2027-01-16 07:59:00,735,NONE,50.0,24.965,115.07499999999999,53.16,66.715,82.87,2074.85,59.18,6,1.0,5,0.8873444696538375
Train,2027-01-16 08:00:00,2027-01-16 08:29:00,736,NONE,50.0,24.97,115.155,53.15,66.68,83.055,2075.065,59.18,6,1.0,5,1.0
Train,2027-01-16 08:30:00,2027-01-16 08:59:00,737,NONE,50.0,25.045,115.08500000000001,53.16,66.64,83.075,2074.6549999999997,59.185,10,1.0,5,1.0
Train,2027-01-16 09:00:00,2027-01-16 09:29:00,738,NONE,50.0,25.06,114.92,53.18,66.59,82.95,2072.87,59.19,10,1.0,5,1.0
Train,2027-01-16 09:30:00,2027-01-16 09:59:00,739,NONE,50.0,25.02,115.025,53.195,66.55,82.935,2077.13,59.18,8,1.0,5,1.0
Train,2027-01-16 10:00:00,2027-01-16 10:29:00,740,NONE,50.0,24.99,114.94,53.18,66.52,83.0,2074.165,59.18,12,1.0,5,1.0
Train,2027-01-16 10:30:00,2027-01-16 10:59:00,741,NONE,50.0,25.015,115.04,53.15,66.535,83.17500000000001,2070.995,59.185,8,1.0,5,1.0
Train,2027-01-16 11:00:00,2027-01-16 11:29:00,742,NONE,50.0,25.0,114.85499999999999,53.16,66.58,82.97,2070.02,59.18,-1,0.0,5,0.9090481218859344
Train,2027-01-16 11:30:00,2027-01-16 11:59:00,743,NONE,50.0,24.93,114.795,53.17,66.58,82.97,2075.27,59.18,7,0.99999999999929,5,1.0
Train,2027-01-16 12:00:00,2027-01-16 12:29:00,744,NONE,50.0,24.965,115.03,53.15,66.56,83.045,2073.9049999999997,59.19,6,1.0,5,1.0
Train,2027-01-16 12:30:00,2027-01-16 12:59:00,745,NONE,50.0,24.935000000000002,114.84,53.16,66.56,83.14,2075.16,59.19,7,0.9999999999999989,5,1.0
Train,2027-01-16 13:00:00,2027-01-16 13:29:00,746,NONE,50.0,24.97,114.86,53.16,66.57499999999999,83.14500000000001,2073.3,59.185,6,1.0,5,1.0
Train,2027-01-16 13:30:00,2027-01-16 13:59:00,747,NONE,50.0,25.01,115.07499999999999,53.155,66.485,82.93,2071.59,59.19,8,1.0,5,1.0
Train,2027-01-16 14:00:00,2027-01-16 14:29:00,748,NONE,50.0,25.025,115.13,53.14,66.38499999999999,83.09,2074.895,59.18,8,1.0,5,0.9795294090712372
Train,2027-01-16 14:30:00,2027-01-16 14:59:00,749,NONE,50.0,24.94,115.17,53.14,66.4,83.12,2077.33,59.18,7,1.0,5,0.9042206702515799
Train,2027-01-16 15:00:00,2027-01-16 15:29:00,750,NONE,50.0,25.01,114.715,53.16,66.5,83.19,2076.285,59.18,8,1.0,5,1.0
Train,2027-01-16 15:30:00,2027-01-16 15:59:00,751,NONE,50.0,25.01,115.08,53.13,66.495,82.86,2076.02,59.18,8,1.0,5,1.0
Train,2027-01-16 16:00:00,2027-01-16 16:29:00,752,NONE,50.0,25.0,115.015,53.15,66.54,83.17500000000001,2075.175,59.18,-1,0.0,5,1.0
Train,2027-01-16 16:30:00,2027-01-16 16:59:00,753,NONE,50.0,25.05,114.89,53.16,66.505,83.005,2074.955,59.18,10,1.0,5,1.0
Train,2027-01-16 17:00:00,2027-01-16 17:29:00,754,NONE,50.0,25.055,115.05,53.144999999999996,66.515,83.055,2072.385,59.18,10,1.0,5,1.0
Train,2027-01-16 17:30:00,2027-01-16 17:59:00,755,NONE,50.0,24.985,114.995,53.14,66.52,82.89500000000001,2072.7250000000004,59.185,12,0.0,5,1.0
Train,2027-01-16 18:00:00,2027-01-16 18:29:00,756,NONE,50.0,24.915,114.85,53.13,66.52000000000001,82.875,2076.665,59.19,-1,0.0,5,1.0
Train,2027-01-16 18:30:00,2027-01-16 18:59:00,757,NONE,50.0,24.99,114.79,53.12,66.59,83.02000000000001,2075.555,59.19,12,1.0,5,1.0
Train,2027-01-16 19:00:00,2027-01-16 19:29:00,758,NONE,50.0,24.95,114.765,53.12,66.61,83.065,2076.1549999999997,59.19,7,1.0,5,1.0
Train,2027-01-16 19:30:00,2027-01-16 19:59:00,759,NONE,50.0,24.96,114.84,53.14,66.57,82.935,2069.83,59.19,6,1.0,5,0.8771984023084284
Train,2027-01-16 20:00:00,2027-01-16 20:29:00,760,NONE,50.0,25.05,115.02,53.144999999999996,66.57,82.905,2071.1400000000003,59.18,10,1.0,5,1.0
Train,2027-01-16 20:30:00,2027-01-16 20:59:00,761,NONE,50.0,24.99,115.085,53.15,66.61,82.96000000000001,2073.6000000000004,59.18,12,1.0,5,1.0
Train,2027-01-16 21:00:00,2027-01-16 21:29:00,762,NONE,50.0,24.975,115.035,53.16,66.59,83.125,2076.215,59.18,11,1.0,5,1.0
Train,2027-01-16 21:30:00,2027-01-16 21:59:00,763,NONE,50.0,25.04,115.095,53.15,66.55,82.905,2076.46,59.18,9,1.0,5,1.0
Train,2027-01-16 22:00:00,2027-01-16 22:29:00,764,NONE,50.0,25.005000000000003,115.275,53.12,66.55,83.055,2072.12,59.18,8,1.0,5,1.0
Train,2027-01-16 22:30:00,2027-01-16 22:59:00,765,NONE,50.0,25.0,115.215,53.13,66.625,83.08500000000001,2073.985,59.18,-1,0.0,5,1.0
Train,2027-01-16 23:00:00,2027-01-16 23:29:00,766,NONE,50.0,24.975,114.9,53.14,66.62,83.03999999999999,2076.315,59.18,11,1.0,5,1.0
Train,2027-01-16 23:30:00,2027-01-16 23:59:00,767,NONE,50.0,24.985,114.81,53.165,66.6,83.00999999999999,2075.355,59.18,12,0.0,5,1.0
Train,2027-01-17 00:00:00,2027-01-17 00:29:00,768,NONE,50.0,24.99,114.86500000000001,53.17,66.54,83.0,2076.85,59.18,12,1.0,5,1.0
Train,2027-01-17 00:30:00,2027-01-17 00:59:00,769,NONE,50.0,24.994999999999997,114.91,53.16,66.52,83.05,2073.13,59.18,12,0.0,5,1.0
Train,2027-01-17 01:00:00,2027-01-17 01:29:00,770,NONE,50.0,24.99,114.69,53.165,66.525,83.205,2070.665,59.18,12,1.0,5,1.0
Train,2027-01-17 01:30:00,2027-01-17 01:59:00,771,NONE,50.0,25.03,114.78,53.16,66.6,83.035,2074.1000000000004,59.18,9,1.0,5,1.0
Train,2027-01-17 02:00:00,2027-01-17 02:29:00,772,NONE,50.0,24.93,114.805,53.16,66.58500000000001,83.11,2076.245,59.19,7,0.99999999999929,5,1.0
Train,2027-01-17 02:30:00,2027-01-17 02:59:00,773,NONE,50.0,25.0,114.79,53.16,66.495,83.2,2075.755,59.19,-1,0.0,5,1.0
Train,2027-01-17 03:00:00,2027-01-17 03:29:00,774,NONE,50.0,25.045,114.86500000000001,53.14,66.485,83.16499999999999,2076.29,59.18,10,1.0,5,1.0
Train,2027-01-17 03:30:00,2027-01-17 03:59:00,775,NONE,50.0,25.060000000000002,114.88499999999999,53.16,66.495,83.08,2073.775,59.185,10,1.0,5,1.0
Train,2027-01-17 04:00:00,2027-01-17 04:29:00,776,NONE,50.0,25.05,115.17500000000001,53.15,66.565,82.95,2076.225,59.19,10,1.0,5,1.0
Train,2027-01-17 04:30:00,2027-01-17 04:59:00,777,NONE,50.0,25.03,115.055,53.17,66.6,82.8,2073.1400000000003,59.18,9,1.0,5,1.0
Train,2027-01-17 05:00:00,2027-01-17 05:29:00,778,NONE,50.0,25.025,115.06,53.17,66.6,82.9,2076.86,59.19,8,1.0,5,1.0
Train,2027-01-17 05:30:00,2027-01-17 05:59:00,779,NONE,50.0,24.925,115.02000000000001,53.15,66.56,82.96,2077.825,59.185,7,0.99999999999929,5,1.0
Train,2027-01-17 06:00:00,2027-01-17 06:29:00,780,NONE,50.0,25.03,115.03,53.17,66.58,82.93,2075.5699999999997,59.18,9,1.0,5,1.0
Train,2027-01-17 06:30:00,2027-01-17 06:59:00,781,NONE,50.0,24.965,115.065,53.16,66.60499999999999,83.035,2077.4,59.18,6,1.0,5,1.0
Train,2027-01-17 07:00:00,2027-01-17 07:29:00,782,NONE,50.0,25.04,115.24000000000001,53.135000000000005,66.545,82.82,2074.2349999999997,59.18,9,1.0,5,1.0
Train,2027-01-17 07:30:00,2027-01-17 07:59:00,783,NONE,50.0,25.005000000000003,115.225,53.13,66.475,82.845,2077.1549999999997,59.18,8,1.0,5,1.0
Train,2027-01-17 08:00:00,2027-01-17 08:29:00,784,NONE,50.0,25.02,115.015,53.15,66.44,83.01,2074.1400000000003,59.19,8,1.0,5,1.0
Train,2027-01-17 08:30:00,2027-01-17 08:59:00,785,NONE,50.0,25.05,114.94,53.15,66.54,83.135,2078.355,59.18,10,1.0,5,1.0
Train,2027-01-17 09:00:00,2027-01-17 09:29:00,786,NONE,50.0,25.005000000000003,114.955,53.13,66.47,83.015,2075.45,59.18,8,1.0,5,1.0
Train,2027-01-17 14:00:00,2027-01-17 14:29:00,796,NONE,50.0,49.95,120.13,52.76,66.82499999999999,81.35499999999999,2071.7749999999996,59.2,3,1.0,4,0.34863752343159155
Train,2027-01-17 14:30:00,2027-01-17 14:59:00,797,NONE,50.0,50.035,119.985,52.78,66.91499999999999,81.38,2073.8,59.2,3,1.0,4,0.6898113464294409
Train,2027-01-17 15:00:00,2027-01-17 15:29:00,798,NONE,50.0,50.05,119.98,52.8,66.91,81.21,2071.13,59.19,3,0.6666666666671532,4,0.47496032076291117
Train,2027-01-17 15:30:00,2027-01-17 15:59:00,799,NONE,50.0,49.96,119.83500000000001,52.81,66.91,81.345,2076.415,59.2,3,1.0,4,0.6604763105100696
Train,2027-01-17 16:00:00,2027-01-17 16:29:00,800,NONE,50.0,50.02,119.99,52.81,66.95,81.21000000000001,2073.225,59.2,3,1.0,4,0.7506484580258038
Train,2027-01-17 16:30:00,2027-01-17 16:59:00,801,NONE,50.0,50.04,120.06,52.81,66.99,81.275,2074.6099999999997,59.2,3,1.0,4,1.0
Train,2027-01-17 17:00:00,2027-01-17 17:29:00,802,NONE,50.0,50.025000000000006,119.92,52.82,67.0,81.265,2075.715,59.2,3,1.0,4,1.0
Train,2027-01-17 17:30:00,2027-01-17 17:59:00,803,NONE,50.0,49.98,119.815,52.82,66.93,81.295,2079.24,59.2,3,1.0,4,0.5115731082092715
Train,2027-01-17 18:00:00,2027-01-17 18:29:00,804,NONE,50.0,50.04,120.11,52.79,67.0,81.265,2079.07,59.2,3,1.0,4,0.7241219434455692
Train,2027-01-17 18:30:00,2027-01-17 18:59:00,805,NONE,50.0,50.035,120.08500000000001,52.8,67.005,81.43,2074.07,59.2,3,1.0,4,1.0
Train,2027-01-17 19:00:00,2027-01-17 19:29:00,806,NONE,50.0,50.045,120.055,52.81,67.03,81.38,2073.91,59.2,3,0.6666666666671532,4,1.0
Train,2027-01-17 19:30:00,2027-01-17 19:59:00,807,NONE,50.0,49.95,120.07,52.82,67.015,81.195,2075.25,59.2,3,1.0,4,1.0
Train,2027-01-17 20:00:00,2027-01-17 20:29:00,808,NONE,50.0,50.045,120.0,52.83,67.06,81.255,2071.785,59.2,3,0.6666666666671532,4,0.6581003198809403
Train,2027-01-17 20:30:00,2027-01-17 20:59:00,809,NONE,50.0,50.03,120.16,52.81,67.04,81.16,2068.46,59.2,3,1.0,4,0.38992794796287483
Train,2027-01-17 21:00:00,2027-01-17 21:29:00,810,NONE,50.0,50.02,120.03,52.82,67.16,81.055,2072.8,59.195,3,1.0,4,0.8037175124478304
Train,2027-01-17 21:30:00,2027-01-17 21:59:00,811,NONE,50.0,50.03,120.09,52.82,67.205,81.09,2078.79,59.19,3,1.0,4,0.39068406713521464
Train,2027-01-17 22:00:00,2027-01-17 22:29:00,812,NONE,50.0,50.025000000000006,119.86,52.8,67.21,81.28999999999999,2072.255,59.19,3,1.0,4,0.7479146398790512
Train,2027-01-17 22:30:00,2027-01-17 22:59:00,813,NONE,50.0,50.03,119.965,52.765,67.23,81.375,2072.37,59.19,3,1.0,4,0.6500035759180732
Train,2027-01-17 23:00:00,2027-01-17 23:29:00,814,NONE,50.0,50.015,119.96,52.79,67.215,81.27000000000001,2074.34,59.19,3,1.0,4,0.764383435962422
Train,2027-01-17 23:30:00,2027-01-17 23:59:00,815,NONE,50.0,49.95,119.91,52.8,67.13,81.305,2069.99,59.2,3,1.0,4,0.5841738165583482
Train,2027-01-18 00:00:00,2027-01-18 00:29:00,816,NONE,50.0,49.989999999999995,119.94,52.8,67.16499999999999,81.34,2074.505,59.2,3,1.0,4,0.7011816070922023
Train,2027-01-18 00:30:00,2027-01-18 00:59:00,817,NONE,50.0,49.945,119.845,52.79,67.16,81.32,2071.425,59.2,3,1.0,4,0.7031716188827719
Train,2027-01-18 01:00:00,2027-01-18 01:29:00,818,NONE,50.0,49.98,119.875,52.8,67.07499999999999,81.14,2068.3500000000004,59.2,3,1.0,4,0.41440406358808873
Train,2027-01-18 01:30:00,2027-01-18 01:59:00,819,NONE,50.0,49.98,119.795,52.79,67.03,81.29,2073.91,59.2,3,1.0,4,1.0
Train,2027-01-18 02:00:00,2027-01-18 02:29:00,820,NONE,50.0,49.974999999999994,119.795,52.79,67.05,81.39,2076.625,59.195,3,1.0,4,0.9182777187000112
Train,2027-01-18 02:30:00,2027-01-18 02:59:00,821,NONE,50.0,49.91,119.805,52.79,67.03,81.34,2074.3599999999997,59.2,3,0.3333333333335419,4,1.0
Train,2027-01-18 03:00:00,2027-01-18 03:29:00,822,NONE,50.0,50.06,120.095,52.78,67.04,81.17,2076.08,59.2,3,0.5000000000002346,4,1.0
Train,2027-01-18 03:30:00,2027-01-18 03:59:00,823,NONE,50.0,50.02,119.9,52.78,66.98,81.32,2077.385,59.2,3,1.0,4,0.8351333170366958
Train,2027-01-18 04:00:00,2027-01-18 04:29:00,824,NONE,50.0,50.03,119.72999999999999,52.79,66.94,81.15,2076.56,59.19,3,1.0,4,0.6533470566475995
Train,2027-01-18 04:30:00,2027-01-18 04:59:00,825,NONE,50.0,49.93,120.05,52.77,66.995,81.15,2076.91,59.2,3,0.5000000000002346,4,1.0
Train,2027-01-18 05:00:00,2027-01-18 05:29:00,826,NONE,50.0,49.98,120.09,52.78,67.05,81.32,2074.105,59.2,3,1.0,4,0.9732226001545813
Train,2027-01-18 05:30:00,2027-01-18 05:59:00,827,NONE,50.0,49.99,120.18,52.78,67.05,81.065,2077.45,59.2,3,1.0,4,0.9182777187000112
Train,2027-01-18 06:00:00,2027-01-18 06:29:00,828,NONE,50.0,49.99,119.995,52.79,67.0,81.14500000000001,2073.8450000000003,59.2,3,1.0,4,1.0
Train,2027-01-18 06:30:00,2027-01-18 06:59:00,829,NONE,50.0,49.92,119.91,52.79,66.99,81.17500000000001,2076.54,59.2,3,0.4000000000003253,4,1.0
Train,2027-01-18 07:00:00,2027-01-18 07:29:00,830,NONE,50.0,49.95,120.18,52.77,67.04,81.27000000000001,2071.965,59.2,3,1.0,4,0.7196798339457997
Train,2027-01-18 07:30:00,2027-01-18 07:59:00,831,NONE,50.0,49.92,120.065,52.76,66.95,81.32,2074.7799999999997,59.21,3,0.4000000000003253,4,0.679755551155613
Train,2027-01-18 08:00:00,2027-01-18 08:29:00,832,NONE,50.0,49.97,119.92,52.76,66.94,81.35499999999999,2071.0249999999996,59.205,3,1.0,4,0.48900274712653835
Train,2027-01-18 08:30:00,2027-01-18 08:59:00,833,NONE,50.0,49.995000000000005,120.0,52.745000000000005,66.92,81.32,2069.335,59.2,3,1.0,4,0.3805019359893733
Train,2027-01-18 09:00:00,2027-01-18 09:29:00,834,NONE,50.0,49.99,119.84,52.77,67.08500000000001,81.38,2071.63,59.2,3,1.0,4,0.6833738451502851
Train,2027-01-18 09:30:00,2027-01-18 09:59:00,835,NONE,50.0,50.015,119.935,52.76,67.07,81.2,2077.865,59.2,3,1.0,4,0.8063780806483739
Train,2027-01-18 10:00:00,2027-01-18 10:29:00,836,NONE,50.0,50.015,120.015,52.75,67.025,81.11,2075.605,59.2,3,1.0,4,0.9400429337269829
Train,2027-01-18 10:30:00,2027-01-18 10:59:00,837,NONE,50.0,49.974999999999994,119.96,52.754999999999995,67.12,81.025,2073.15,59.2,3,1.0,4,0.7043650503065683
Train,2027-01-18 11:00:00,2027-01-18 11:29:00,838,NONE,50.0,50.06,120.095,52.75,67.15,81.125,2071.175,59.19,3,0.5000000000002346,4,0.6613844859993795
Train,2027-01-18 11:30:00,2027-01-18 11:59:00,839,NONE,50.0,50.01,119.88,52.78,67.17,81.44999999999999,2074.33,59.19,3,1.0,4,0.7496373873866766
Train,2027-01-18 12:00:00,2027-01-18 12:29:00,840,NONE,50.0,50.085,119.92,52.79,67.12,81.235,2074.66,59.2,3,0.2857142857144262,4,0.8351984573428085
Train,2027-01-18 12:30:00,2027-01-18 12:59:00,841,NONE,50.0,50.065,120.13,52.775000000000006,67.06,81.125,2073.7799999999997,59.2,3,0.5000000000002346,4,0.8910801701130796
Train,2027-01-18 13:00:00,2027-01-18 13:29:00,842,NONE,50.0,49.955,119.83500000000001,52.79,66.98,81.26,2079.8450000000003,59.2,3,1.0,4,0.5670702341412135
Train,2027-01-18 13:30:00,2027-01-18 13:59:00,843,NONE,50.0,49.89,119.98,52.78,67.02,81.24000000000001,2080.4700000000003,59.2,3,0.20000000000015017,4,0.508433992318758
Train,2027-01-18 14:00:00,2027-01-18 14:29:00,844,NONE,50.0,49.989999999999995,120.125,52.76,67.07499999999999,81.215,2081.285,59.2,3,1.0,4,0.3713869388660634
Train,2027-01-18 14:30:00,2027-01-18 14:59:00,845,NONE,50.0,49.98,120.055,52.78,67.06,81.32,2079.275,59.205,3,1.0,4,0.623628876282203
Train,2027-01-18 15:00:00,2027-01-18 15:29:00,846,NONE,50.0,50.02,119.875,52.81,67.06,81.245,2076.495,59.2,3,1.0,4,0.9432610784922583
Train,2027-01-18 15:30:00,2027-01-18 15:59:00,847,NONE,50.0,49.985,119.85499999999999,52.8,67.03,81.35,2077.83,59.21,3,1.0,4,0.7275540290716354
Train,2027-01-18 16:00:00,2027-01-18 16:29:00,848,NONE,50.0,49.905,120.13499999999999,52.78,67.0,81.225,2076.82,59.2,3,0.2857142857145028,4,1.0
Train,2027-01-18 16:30:00,2027-01-18 16:59:00,849,NONE,50.0,49.955,120.15,52.77,66.96,81.295,2076.34,59.2,3,1.0,4,0.9138079655934226
Train,2027-01-18 17:00:00,2027-01-18 17:29:00,850,NONE,50.0,50.095,119.905,52.79,66.99,81.14500000000001,2074.425,59.2,3,0.22222222222235355,4,1.0
Train,2027-01-18 17:30:00,2027-01-18 17:59:00,851,NONE,50.0,50.11,119.965,52.78,67.11,81.31,2073.35,59.2,3,0.16666666666677096,4,0.8037175124478304
Train,2027-01-18 18:00:00,2027-01-18 18:29:00,852,NONE,50.0,50.05,119.94,52.78,67.12,81.31,2076.565,59.2,3,0.6666666666671532,4,0.7747957317989931
Train,2027-01-18 18:30:00,2027-01-18 18:59:00,853,NONE,50.0,49.96,120.065,52.805,67.04,81.265,2076.745,59.2,3,1.0,4,1.0
Train,2027-01-18 19:00:00,2027-01-18 19:29:00,854,NONE,50.0,49.995000000000005,120.055,52.82,67.095,81.185,2077.255,59.19,3,1.0,4,0.7354947928305197
Train,2027-01-18 19:30:00,2027-01-18 19:59:00,855,NONE,50.0,49.955,119.83,52.825,67.17500000000001,81.25999999999999,2076.495,59.19,3,1.0,4,0.644692757392799
Train,2027-01-18 20:00:00,2027-01-18 20:29:00,856,NONE,50.0,49.974999999999994,119.93,52.81,67.19,81.185,2074.315,59.19,3,1.0,4,0.7611799086085757
Train,2027-01-18 20:30:00,2027-01-18 20:59:00,857,NONE,50.0,49.99,120.05,52.79,67.22,81.27,2072.575,59.19,3,1.0,4,0.7397121403334932
Train,2027-01-18 21:00:00,2027-01-18 21:29:00,858,NONE,50.0,49.99,120.095,52.77,67.15,81.16499999999999,2075.57,59.19,3,1.0,4,0.7685633589956806
Train,2027-01-18 21:30:00,2027-01-18 21:59:00,859,NONE,50.0,49.99,119.99,52.77,67.1,81.295,2073.325,59.19,3,1.0,4,0.7591532006084389
Train,2027-01-18 22:00:00,2027-01-18 22:29:00,860,NONE,50.0,49.93,119.905,52.775000000000006,67.16,81.09,2071.14,59.19,3,0.5000000000002346,4,0.6906812925488901
Train,2027-01-18 22:30:00,2027-01-18 22:59:00,861,NONE,50.0,49.94,120.07499999999999,52.76,67.185,81.18,2073.26,59.19,3,0.6666666666671532,4,0.8157075028813444
Train,2027-01-18 23:00:00,2027-01-18 23:29:00,862,NONE,50.0,49.955,119.92500000000001,52.76,67.22,81.455,2072.425,59.19,3,1.0,4,0.6629757699393848
Train,2027-01-18 23:30:00,2027-01-18 23:59:00,863,NONE,50.0,49.99,120.1,52.76,67.18,81.22999999999999,2076.33,59.19,3,1.0,4,0.6471944372207884
Train,2027-01-19 00:00:00,2027-01-19 00:29:00,864,NONE,50.0,49.94,119.935,52.79,67.185,81.315,2073.4300000000003,59.2,3,0.6666666666671532,4,0.7830407579846655
Train,2027-01-19 00:30:00,2027-01-19 00:59:00,865,NONE,50.0,49.97,120.245,52.77,67.16,81.35499999999999,2077.625,59.19,3,1.0,4,0.5200353722855992
Train,2027-01-19 01:00:00,2027-01-19 01:29:00,866,NONE,50.0,49.995000000000005,119.83500000000001,52.79,67.22,81.2,2075.875,59.19,3,1.0,4,0.5523845094984597
Train,2027-01-19 01:30:00,2027-01-19 01:59:00,867,NONE,50.0,50.08,120.01,52.775000000000006,67.17,81.14500000000001,2071.635,59.19,3,0.3333333333335419,4,0.717161974646994
Train,2027-01-19 02:00:00,2027-01-19 02:29:00,868,NONE,50.0,49.96,119.98,52.79,67.07,81.155,2076.02,59.2,3,1.0,4,0.947895237521472
Train,2027-01-19 02:30:00,2027-01-19 02:59:00,869,NONE,50.0,50.02,119.955,52.79,67.0,81.1,2074.465,59.2,3,1.0,4,1.0
Train,2027-01-19 03:00:00,2027-01-19 03:29:00,870,NONE,50.0,50.07,119.815,52.79,67.01,81.36500000000001,2077.35,59.2,3,0.4000000000002753,4,1.0
Train,2027-01-19 03:30:00,2027-01-19 03:59:00,871,NONE,50.0,49.98,119.87,52.78,66.96,81.305,2076.3500000000004,59.21,3,1.0,4,0.7389273873687697
Train,2027-01-19 04:00:00,2027-01-19 04:29:00,872,NONE,50.0,50.01,120.11,52.76,67.04,81.19,2074.45,59.21,3,1.0,4,0.7577289546316277
Train,2027-01-19 04:30:00,2027-01-19 04:59:00,873,NONE,50.0,50.035,120.05,52.77,67.01,81.18,2075.08,59.2,3,1.0,4,1.0
Train,2027-01-19 05:00:00,2027-01-19 05:29:00,874,NONE,50.0,49.96,119.94,52.77,67.0,81.26,2076.125,59.2,3,1.0,4,1.0
Train,2027-01-19 05:30:00,2027-01-19 05:59:00,875,NONE,50.0,50.025000000000006,119.785,52.78,66.975,81.59,2073.155,59.2,3,1.0,4,0.7628050219843843
Train,2027-01-19 06:00:00,2027-01-19 06:29:00,876,NONE,50.0,49.98,119.985,52.78,66.87,81.2,2072.875,59.2,3,1.0,4,0.485962755525846
Train,2027-01-19 06:30:00,2027-01-19 06:59:00,877,NONE,50.0,49.965,119.91,52.78,66.9,81.505,2079.1800000000003,59.2,3,1.0,4,0.46355153512290104
Train,2027-01-19 07:00:00,2027-01-19 07:29:00,878,NONE,50.0,50.02,120.095,52.78,66.93,81.04,2075.455,59.2,3,1.0,4,0.7779182293275436
Train,2027-01-19 07:30:00,2027-01-19 07:59:00,879,NONE,50.0,50.0,120.08,52.78,67.06,81.1,2071.585,59.2,3,1.0,4,0.6253338721252903
Train,2027-01-19 08:00:00,2027-01-19 08:29:00,880,NONE,50.0,49.974999999999994,119.99,52.79,67.045,81.12,2076.9750000000004,59.2,3,1.0,4,1.0
Train,2027-01-19 08:30:00,2027-01-19 08:59:00,881,NONE,50.0,49.974999999999994,120.14500000000001,52.77,67.125,81.27,2076.315,59.2,3,1.0,4,0.7362646942389748
Train,2027-01-19 09:00:00,2027-01-19 09:29:00,882,NONE,50.0,49.96,120.12,52.78,67.1,81.32499999999999,2074.875,59.19,3,1.0,4,0.7307092937294766
Train,2027-01-19 09:30:00,2027-01-19 09:59:00,883,NONE,50.0,49.98,120.02,52.78,67.05,81.15,2080.185,59.19,3,1.0,4,0.478018418624955
Train,2027-01-19 10:00:00,2027-01-19 10:29:00,884,NONE,50.0,49.965,119.96,52.78,67.025,81.41,2080.0550000000003,59.19,3,1.0,4,0.4958070620960866
Train,2027-01-19 10:30:00,2027-01-19 10:59:00,885,NONE,50.0,50.03,120.125,52.79,67.035,81.27000000000001,2076.8599999999997,59.19,3,1.0,4,0.8302227777378796
Train,2027-01-19 11:00:00,2027-01-19 11:29:00,886,NONE,50.0,50.085,120.11,52.77,66.99,81.34,2073.605,59.185,3,0.2857142857144262,4,0.6129532597776515
Train,2027-01-19 11:30:00,2027-01-19 11:59:00,887,NONE,50.0,49.995000000000005,119.89500000000001,52.8,66.97,81.21,2072.98,59.19,3,1.0,4,0.6967856192904305
Train,2027-01-19 12:00:00,2027-01-19 12:29:00,888,NONE,50.0,49.95,119.735,52.82,67.03,81.38,2072.865,59.19,3,1.0,4,0.7430751783183549
Train,2027-01-19 12:30:00,2027-01-19 12:59:00,889,NONE,50.0,49.97,120.025,52.82,67.045,81.10499999999999,2073.17,59.18,3,1.0,4,0.5303431648147958
Train,2027-01-19 13:00:00,2027-01-19 13:29:00,890,NONE,50.0,50.055,119.85499999999999,52.81,67.1,81.405,2070.8450000000003,59.19,3,0.6666666666670142,4,0.6070272488281585
Train,2027-01-19 13:30:00,2027-01-19 13:59:00,891,NONE,50.0,50.0,119.93,52.8,67.07,81.39,2074.19,59.19,3,1.0,4,0.8409365118332912
Train,2027-01-19 14:00:00,2027-01-19 14:29:00,892,NONE,50.0,50.02,120.035,52.81,67.02,81.27,2074.92,59.195,3,1.0,4,1.0
Train,2027-01-19 14:30:00,2027-01-19 14:59:00,893,NONE,50.0,49.96,119.945,52.79,67.035,81.24,2074.205,59.19,3,1.0,4,0.8800946377538711
Train,2027-01-19 15:00:00,2027-01-19 15:29:00,894,NONE,50.0,49.9,119.965,52.785,67.11,81.15,2073.715,59.19,3,0.25000000000017597,4,0.8157075028813444
Train,2027-01-19 15:30:00,2027-01-19 15:59:00,895,NONE,50.0,49.925,120.10499999999999,52.78,67.04,81.14500000000001,2072.24,59.19,3,0.4000000000002753,4,0.7260191178307973
Train,2027-01-19 21:30:00,2027-01-19 21:59:00,907,NONE,50.0,19.975,113.935,53.22,66.465,83.31,2077.8999999999996,59.185,5,1.0,5,1.0
Train,2027-01-19 22:00:00,2027-01-19 22:29:00,908,NONE,50.0,19.98,114.1,53.22,66.535,83.34,2077.005,59.18,5,1.0,5,1.0
Train,2027-01-19 22:30:00,2027-01-19 22:59:00,909,NONE,50.0,20.0,113.88,53.26,66.56,83.14500000000001,2069.875,59.18,5,1.0,5,0.8465210793225549
Train,2027-01-19 23:00:00,2027-01-19 23:29:00,910,NONE,50.0,19.99,113.92500000000001,53.26,66.57,83.36,2074.49,59.18,5,1.0,5,1.0
Train,2027-01-19 23:30:00,2027-01-19 23:59:00,911,NONE,50.0,19.935000000000002,113.905,53.26,66.48,83.37,2070.14,59.18,5,0.6666666666667189,5,1.0
Train,2027-01-20 00:00:00,2027-01-20 00:29:00,912,NONE,50.0,19.905,113.965,53.25,66.465,83.37,2071.615,59.18,5,0.33333333333335946,5,1.0
Train,2027-01-20 00:30:00,2027-01-20 00:59:00,913,NONE,50.0,19.96,114.215,53.23,66.53,83.275,2070.7650000000003,59.18,5,0.9999999999999218,5,1.0
Train,2027-01-20 01:00:00,2027-01-20 01:29:00,914,NONE,50.0,20.005000000000003,114.32,53.24,66.51,83.285,2074.41,59.18,5,1.0,5,1.0
Train,2027-01-20 01:30:00,2027-01-20 01:59:00,915,NONE,50.0,19.99,114.045,53.25,66.46,83.37,2073.935,59.18,5,1.0,5,1.0
Train,2027-01-20 02:00:00,2027-01-20 02:29:00,916,NONE,50.0,19.94,113.945,53.245000000000005,66.49,83.27,2075.17,59.175,5,0.6666666666668927,5,1.0
Train,2027-01-20 02:30:00,2027-01-20 02:59:00,917,NONE,50.0,20.04,113.99,53.25,66.515,83.25,2071.545,59.17,5,1.0,5,1.0
Train,2027-01-20 03:00:00,2027-01-20 03:29:00,918,NONE,50.0,19.99,114.125,53.24,66.405,83.36,2075.675,59.18,5,1.0,5,1.0
Train,2027-01-20 03:30:00,2027-01-20 03:59:00,919,NONE,50.0,20.0,114.06,53.21,66.32,83.24000000000001,2077.1549999999997,59.18,5,1.0,5,0.6861931713187215
Train,2027-01-20 04:00:00,2027-01-20 04:29:00,920,NONE,50.0,20.11,113.89,53.23,66.42,83.41499999999999,2075.9849999999997,59.17,5,0.16666666666669058,5,1.0
Train,2027-01-20 04:30:00,2027-01-20 04:59:00,921,NONE,50.0,20.035,114.025,53.23,66.44,83.18,2072.285,59.18,5,1.0,5,1.0
Train,2027-01-20 05:00:00,2027-01-20 05:29:00,922,NONE,50.0,20.07,114.125,53.21,66.45,83.38499999999999,2071.5299999999997,59.18,5,0.40000000000008135,5,1.0
Train,2027-01-20 05:30:00,2027-01-20 05:59:00,923,NONE,50.0,20.04,114.015,53.23,66.505,83.34,2075.825,59.18,5,1.0,5,1.0
Train,2027-01-20 06:00:00,2027-01-20 06:29:00,924,NONE,50.0,19.99,114.03,53.22,66.58,83.465,2075.4700000000003,59.18,5,1.0,5,1.0
Train,2027-01-20 06:30:00,2027-01-20 06:59:00,925,NONE,50.0,19.97,114.18,53.215,66.55,83.295,2078.335,59.18,5,0.9999999999999218,5,1.0
Train,2027-01-20 07:00:00,2027-01-20 07:29:00,926,NONE,50.0,20.03,114.07499999999999,53.23,66.545,83.18,2071.895,59.18,5,1.0,5,1.0
Train,2027-01-20 07:30:00,2027-01-20 07:59:00,927,NONE,50.0,20.01,113.92500000000001,53.235,66.48,83.515,2072.2,59.17,5,1.0,5,1.0
Train,2027-01-20 08:00:00,2027-01-20 08:29:00,928,NONE,50.0,19.95,114.08,53.24,66.475,83.48,2076.615,59.18,5,0.6666666666668927,5,1.0
Train,2027-01-20 08:30:00,2027-01-20 08:59:00,929,NONE,50.0,19.92,114.22,53.23,66.49,83.38,2075.9,59.18,5,0.6666666666667189,5,1.0
Train,2027-01-20 09:00:00,2027-01-20 09:29:00,930,NONE,50.0,19.99,113.89,53.25,66.475,83.315,2071.5950000000003,59.18,5,1.0,5,1.0
Train,2027-01-20 09:30:00,2027-01-20 09:59:00,931,NONE,50.0,20.02,113.78,53.26,66.44,83.49,2073.85,59.18,5,1.0,5,1.0
Train,2027-01-20 10:00:00,2027-01-20 10:29:00,932,NONE,50.0,20.045,114.005,53.245000000000005,66.5,83.29,2076.25,59.18,5,1.0,5,1.0
Train,2027-01-20 10:30:00,2027-01-20 10:59:00,933,NONE,50.0,20.1,114.255,53.23,66.55,83.245,2077.05,59.18,5,0.2000000000000219,5,1.0
Train,2027-01-20 11:00:00,2027-01-20 11:29:00,934,NONE,50.0,20.02,114.11,53.22,66.52,83.31,2077.2200000000003,59.18,5,1.0,5,1.0
Train,2027-01-20 11:30:00,2027-01-20 11:59:00,935,NONE,50.0,20.05,113.9,53.23,66.51,83.305,2076.175,59.18,5,1.0,5,1.0
Train,2027-01-20 12:00:00,2027-01-20 12:29:00,936,NONE,50.0,20.005000000000003,114.10499999999999,53.22,66.495,83.245,2076.4700000000003,59.17,5,1.0,5,1.0
Train,2027-01-20 12:30:00,2027-01-20 12:59:00,937,NONE,50.0,19.99,114.14,53.21,66.42,83.44999999999999,2071.58,59.18,5,1.0,5,1.0
Train,2027-01-20 13:00:00,2027-01-20 13:29:00,938,NONE,50.0,19.95,113.985,53.22,66.46,83.39,2071.61,59.18,5,0.6666666666668927,5,1.0
Train,2027-01-20 13:30:00,2027-01-20 13:59:00,939,NONE,50.0,20.02,114.275,53.21,66.52,83.19999999999999,2072.995,59.18,5,1.0,5,1.0
Train,2027-01-20 14:00:00,2027-01-20 14:29:00,940,NONE,50.0,19.925,114.03,53.23,66.61,83.49000000000001,2073.315,59.18,5,0.6666666666667189,5,1.0
Train,2027-01-20 14:30:00,2027-01-20 14:59:00,941,NONE,50.0,19.99,113.985,53.24,66.56,83.345,2077.0699999999997,59.18,5,1.0,5,1.0
Train,2027-01-20 15:00:00,2027-01-20 15:29:00,942,NONE,50.0,20.05,113.905,53.25,66.565,83.33500000000001,2074.775,59.18,5,1.0,5,1.0
Train,2027-01-20 15:30:00,2027-01-20 15:59:00,943,NONE,50.0,19.994999999999997,113.9,53.25,66.54,83.5,2076.55,59.18,5,1.0,5,1.0
Train,2027-01-20 16:00:00,2027-01-20 16:29:00,944,NONE,50.0,20.04,113.67500000000001,53.26,66.61,83.555,2077.5699999999997,59.18,5,1.0,5,1.0
Train,2027-01-20 16:30:00,2027-01-20 16:59:00,945,NONE,50.0,19.994999999999997,114.04,53.224999999999994,66.505,83.375,2072.29,59.18,5,1.0,5,1.0
Train,2027-01-20 17:00:00,2027-01-20 17:29:00,946,NONE,50.0,20.025,114.175,53.22,66.455,83.3,2070.125,59.18,5,1.0,5,1.0
Train,2027-01-20 17:30:00,2027-01-20 17:59:00,947,NONE,50.0,19.985,114.265,53.2,66.58,83.25,2072.825,59.18,5,1.0,5,1.0
Train,2027-01-20 18:00:00,2027-01-20 18:29:00,948,NONE,50.0,19.97,113.92500000000001,53.23,66.56,83.405,2073.2700000000004,59.18,5,0.9999999999999218,5,1.0
Train,2027-01-20 18:30:00,2027-01-20 18:59:00,949,NONE,50.0,20.01,113.80000000000001,53.23,66.625,83.525,2075.5950000000003,59.18,5,1.0,5,1.0
Train,2027-01-20 19:00:00,2027-01-20 19:29:00,950,NONE,50.0,19.965,113.86,53.22,66.61,83.44,2075.6949999999997,59.18,5,0.9999999999999218,5,1.0
Train,2027-01-20 19:30:00,2027-01-20 19:59:00,951,NONE,50.0,19.955,113.89,53.22,66.565,83.45500000000001,2076.83,59.18,5,0.6666666666668927,5,1.0
Train,2027-01-20 20:00:00,2027-01-20 20:29:00,952,NONE,50.0,19.97,113.95500000000001,53.21,66.54,83.4,2077.755,59.18,5,0.9999999999999218,5,1.0
Train,2027-01-20 20:30:00,2027-01-20 20:59:00,953,NONE,50.0,19.994999999999997,113.83,53.205,66.58,83.275,2077.92,59.175,5,1.0,5,1.0
Train,2027-01-20 21:00:00,2027-01-20 21:29:00,954,NONE,50.0,20.01,114.005,53.21,66.655,83.305,2073.825,59.17,5,1.0,5,0.9332354821975832
Train,2027-01-20 21:30:00,2027-01-20 21:59:00,955,NONE,50.0,19.97,113.95,53.22,66.625,83.375,2075.315,59.17,5,0.9999999999999218,5,1.0
Train,2027-01-20 22:00:00,2027-01-20 22:29:00,956,NONE,50.0,20.005000000000003,113.745,53.24,66.60499999999999,83.435,2078.8500000000004,59.17,5,1.0,5,0.8291509071165438
Train,2027-01-20 22:30:00,2027-01-20 22:59:00,957,NONE,50.0,20.03,113.995,53.21,66.71,83.32499999999999,2075.08,59.17,5,1.0,5,0.7353130435270492
Train,2027-01-20 23:00:00,2027-01-20 23:29:00,958,NONE,50.0,20.02,114.22,53.205,66.55,83.435,2074.145,59.17,5,1.0,5,1.0
Train,2027-01-20 23:30:00,2027-01-20 23:59:00,959,NONE,50.0,19.945,114.035,53.21,66.53,83.435,2076.525,59.17,5,0.6666666666667536,5,1.0
Train,2027-01-21 00:00:00,2027-01-21 00:29:00,960,NONE,50.0,19.93,114.12,53.21,66.495,83.24,2071.5150000000003,59.17,5,0.6666666666668927,5,1.0
Train,2027-01-21 00:30:00,2027-01-21 00:59:00,961,NONE,50.0,19.92,113.7,53.24,66.4,83.36,2076.6099999999997,59.17,5,0.6666666666667189,5,1.0
Train,2027-01-21 01:00:00,2027-01-21 01:29:00,962,NONE,50.0,20.02,113.71,53.24,66.4,83.35,2077.325,59.17,5,1.0,5,0.9012364506913044
Train,2027-01-21 01:30:00,2027-01-21 01:59:00,963,NONE,50.0,20.035,113.88,53.254999999999995,66.41499999999999,83.28999999999999,2076.415,59.17,5,1.0,5,1.0
Train,2027-01-21 02:00:00,2027-01-21 02:29:00,964,NONE,50.0,20.03,114.08500000000001,53.245000000000005,66.42,83.28,2074.745,59.175,5,1.0,5,1.0
Train,2027-01-21 02:30:00,2027-01-21 02:59:00,965,NONE,50.0,20.049999999999997,114.16,53.22,66.45,83.19999999999999,2074.94,59.175,5,1.0,5,1.0
Train,2027-01-21 03:00:00,2027-01-21 03:29:00,966,NONE,50.0,19.91,114.13,53.23,66.49,83.245,2073.6899999999996,59.18,5,0.40000000000000635,5,1.0
Train,2027-01-21 03:30:00,2027-01-21 03:59:00,967,NONE,50.0,19.94,113.92,53.24,66.495,83.31,2079.07,59.18,5,0.6666666666668927,5,0.9020284362678974
Train,2027-01-21 04:00:00,2027-01-21 04:29:00,968,NONE,50.0,19.94,113.67,53.25,66.535,83.36500000000001,2073.1949999999997,59.18,5,0.6666666666668927,5,1.0
Train,2027-01-21 04:30:00,2027-01-21 04:59:00,969,NONE,50.0,20.05,114.04,53.24,66.57,83.21,2074.08,59.17,5,1.0,5,1.0
Train,2027-01-21 05:00:00,2027-01-21 05:29:00,970,NONE,50.0,20.0,114.11500000000001,53.21,66.5,83.13499999999999,2076.355,59.175,5,1.0,5,1.0
Train,2027-01-21 05:30:00,2027-01-21 05:59:00,971,NONE,50.0,19.97,114.215,53.21,66.46,83.445,2074.465,59.17,5,0.9999999999999218,5,1.0
Train,2027-01-21 06:00:00,2027-01-21 06:29:00,972,NONE,50.0,19.915,114.10499999999999,53.205,66.475,83.38,2076.4449999999997,59.17,5,0.49999999999998046,5,1.0
Train,2027-01-21 06:30:00,2027-01-21 06:59:00,973,NONE,50.0,19.965,113.945,53.22,66.465,83.39,2074.1899999999996,59.17,5,0.9999999999999218,5,1.0
Train,2027-01-21 07:00:00,2027-01-21 07:29:00,974,NONE,50.0,20.015,114.1,53.21,66.455,83.25999999999999,2073.885,59.17,5,1.0,5,1.0
Train,2027-01-21 07:30:00,2027-01-21 07:59:00,975,NONE,50.0,20.064999999999998,114.025,53.22,66.38,83.4,2075.3199999999997,59.165,5,0.5000000000001761,5,1.0
Train,2027-01-21 08:00:00,2027-01-21 08:29:00,976,NONE,50.0,20.03,114.1,53.23,66.46,83.265,2074.215,59.16,5,1.0,5,1.0
Train,2027-01-21 08:30:00,2027-01-21 08:59:00,977,NONE,50.0,20.11,114.10499999999999,53.22,66.44,83.265,2071.195,59.17,5,0.16666666666669058,5,1.0
Train,2027-01-21 09:00:00,2027-01-21 09:29:00,978,NONE,50.0,20.05,113.86500000000001,53.24,66.43,83.36500000000001,2073.31,59.16,5,1.0,5,1.0
Train,2027-01-21 09:30:00,2027-01-21 09:59:00,979,NONE,50.0,20.055,114.035,53.22,66.38,83.33500000000001,2074.25,59.16,5,1.0,5,0.9938046311830945
Train,2027-01-21 10:00:00,2027-01-21 10:29:00,980,NONE,50.0,20.01,113.83500000000001,53.24,66.465,83.355,2069.83,59.16,5,1.0,5,0.798903186300834
Train,2027-01-21 10:30:00,2027-01-21 10:59:00,981,NONE,50.0,20.025,113.995,53.25,66.49,83.4,2075.035,59.15,5,1.0,5,1.0
Train,2027-01-21 11:00:00,2027-01-21 11:29:00,982,NONE,50.0,20.045,113.88,53.27,66.52,83.35,2077.745,59.16,5,1.0,5,0.9041950541962034
Train,2027-01-21 11:30:00,2027-01-21 11:59:00,983,NONE,50.0,20.025,114.08,53.25,66.56,83.265,2076.665,59.16,5,1.0,5,0.9795638209858625
Train,2027-01-21 12:00:00,2027-01-21 12:29:00,984,NONE,50.0,19.92,113.81,53.26,66.535,83.34,2076.4849999999997,59.16,5,0.6666666666667189,5,1.0
Train,2027-01-21 12:30:00,2027-01-21 12:59:00,985,NONE,50.0,19.92,114.03,53.25,66.52,83.19999999999999,2075.125,59.15,5,0.6666666666667189,5,0.9851868708048382
Train,2027-01-21 13:00:00,2027-01-21 13:29:00,986,NONE,50.0,20.0,113.93,53.25,66.455,83.30000000000001,2073.7,59.16,5,1.0,5,1.0
Train,2027-01-21 13:30:00,2027-01-21 13:59:00,987,NONE,50.0,19.985,113.935,53.24,66.44,83.19999999999999,2070.9049999999997,59.16,5,1.0,5,1.0
Train,2027-01-21 14:00:00,2027-01-21 14:29:00,988,NONE,50.0,20.035,114.08,53.23,66.49,83.49,2070.4750000000004,59.16,5,1.0,5,0.8204429225576105
Train,2027-01-21 14:30:00,2027-01-21 14:59:00,989,NONE,50.0,20.02,114.155,53.21,66.59,83.245,2074.46,59.16,5,1.0,5,1.0
Train,2027-01-21 15:00:00,2027-01-21 15:29:00,990,NONE,50.0,20.03,113.995,53.21,66.54,83.47,2075.7200000000003,59.16,5,1.0,5,1.0
Train,2027-01-21 15:30:00,2027-01-21 15:59:00,991,NONE,50.0,20.045,113.93,53.23,66.53,83.5,2072.6899999999996,59.15,5,1.0,5,0.8479735468652831
Train,2027-01-21 16:00:00,2027-01-21 16:29:00,992,NONE,50.0,19.955,113.93,53.21,66.58,83.35,2074.7799999999997,59.15,5,0.6666666666668927,5,0.9073668590722915
Train,2027-01-21 16:30:00,2027-01-21 16:59:00,993,NONE,50.0,19.97,113.965,53.21,66.485,83.245,2071.9049999999997,59.155,5,0.9999999999999218,5,1.0
Train,2027-01-21 17:00:00,2027-01-21 17:29:00,994,NONE,50.0,19.98,114.095,53.2,66.41,83.265,2074.94,59.15,5,1.0,5,0.9925917060773694
Train,2027-01-21 17:30:00,2027-01-21 17:59:00,995,NONE,50.0,20.01,113.9,53.21,66.4,83.41,2071.9,59.15,5,1.0,5,0.8170168695592854
Train,2027-01-21 18:00:00,2027-01-21 18:29:00,996,NONE,50.0,19.935000000000002,113.995,53.21,66.36,83.57499999999999,2074.615,59.15,5,0.6666666666667189,5,0.7543283332752251
Train,2027-01-21 18:30:00,2027-01-21 18:59:00,997,NONE,50.0,19.98,113.935,53.2,66.38,83.45,2077.145,59.15,5,1.0,5,0.7438647026277089
Train,2027-01-21 19:00:00,2027-01-21 19:29:00,998,NONE,50.0,20.05,114.01,53.19,66.4,83.41,2072.26,59.16,5,1.0,5,0.939008404493174
Train,2027-01-21 19:30:00,2027-01-21 19:59:00,999,NONE,50.0,20.1,113.905,53.19,66.47,83.25,2075.6400000000003,59.16,5,0.2000000000000219,5,1.0
Train,2027-01-21 20:00:00,2027-01-21 20:29:00,1000,NONE,50.0,20.055,113.975,53.2,66.465,83.235,2078.695,59.16,5,1.0,5,0.831742150268232
Train,2027-01-21 20:30:00,2027-01-21 20:59:00,1001,NONE,50.0,20.03,113.935,53.22,66.545,83.32,2075.79,59.15,5,1.0,5,1.0
Train,2027-01-21 21:00:00,2027-01-21 21:29:00,1002,NONE,50.0,20.045,114.07,53.24,66.56,83.245,2078.71,59.15,5,1.0,5,0.8405015033304981
Train,2027-01-21 21:30:00,2027-01-21 21:59:00,1003,NONE,50.0,20.1,114.1,53.22,66.495,83.185,2081.25,59.15,5,0.2000000000000219,5,0.6137431596592062
Train,2027-01-21 22:00:00,2027-01-21 22:29:00,1004,NONE,50.0,20.04,113.64500000000001,53.22,66.48,83.26,2079.36,59.15,5,1.0,5,0.7023273176908199
Train,2027-01-21 22:30:00,2027-01-21 22:59:00,1005,NONE,50.0,20.03,113.785,53.21,66.55,83.4,2075.9849999999997,59.14,5,1.0,5,0.8174102711235912
Train,2027-01-21 23:00:00,2027-01-21 23:29:00,1006,NONE,50.0,20.025,113.82,53.2,66.52,83.505,2079.73,59.144999999999996,5,1.0,5,0.6890135700110409
Train,2027-01-21 23:30:00,2027-01-21 23:59:00,1007,NONE,50.0,19.99,114.07499999999999,53.19,66.52,83.4,2077.79,59.14,5,1.0,5,0.9212968737163157
Validation,2027-01-22 00:00:00,2027-01-22 00:29:00,0,NONE,50.0,20.025,113.915,53.215,66.44,83.44999999999999,2075.24,59.14,5,1.0,5,0.8086732582478606
Validation,2027-01-22 00:30:00,2027-01-22 00:59:00,1,NONE,50.0,19.97,113.975,53.22,66.47,83.405,2076.79,59.14,5,0.9999999999999218,5,0.8278565266772517
Validation,2027-01-22 01:00:00,2027-01-22 01:29:00,2,NONE,50.0,19.965,113.65,53.26,66.50999999999999,83.555,2077.275,59.14,5,0.9999999999999218,5,0.7327996742992533
Validation,2027-01-22 01:30:00,2027-01-22 01:59:00,3,NONE,50.0,19.965,113.725,53.25,66.52,83.35,2076.53,59.14,5,0.9999999999999218,5,0.7624769224261871
Validation,2027-01-22 02:00:00,2027-01-22 02:29:00,4,NONE,50.0,20.0,114.10499999999999,53.22,66.51,83.33500000000001,2075.16,59.15,5,1.0,5,1.0
Validation,2027-01-22 02:30:00,2027-01-22 02:59:00,5,NONE,50.0,20.01,113.89,53.235,66.53,83.185,2073.255,59.14,5,1.0,5,0.7685160682784724
Validation,2027-01-22 03:00:00,2027-01-22 03:29:00,6,NONE,50.0,20.1,114.17,53.2,66.57,83.32499999999999,2073.8050000000003,59.14,5,0.2000000000000219,5,0.8277825238202454
Validation,2027-01-22 03:30:00,2027-01-22 03:59:00,7,NONE,50.0,20.01,114.08500000000001,53.19,66.61,83.43,2077.49,59.14,5,1.0,5,0.777060306295951
Validation,2027-01-22 04:00:00,2027-01-22 04:29:00,8,NONE,50.0,19.97,113.97,53.2,66.57499999999999,83.37,2075.4449999999997,59.14,5,0.9999999999999218,5,0.8426603193033705
Validation,2027-01-22 04:30:00,2027-01-22 04:59:00,9,NONE,50.0,20.01,113.98,53.2,66.61,83.485,2076.8450000000003,59.14,5,1.0,5,0.7335443366272684
Validation,2027-01-22 05:00:00,2027-01-22 05:29:00,10,NONE,50.0,19.97,114.05,53.21,66.64,83.41499999999999,2077.41,59.14,5,0.9999999999999218,5,0.6771567653514091
Validation,2027-01-22 05:30:00,2027-01-22 05:59:00,11,NONE,50.0,19.965,114.14500000000001,53.21,66.58,83.28,2075.865,59.14,5,0.9999999999999218,5,0.8908646539384316
Validation,2027-01-22 06:00:00,2027-01-22 06:29:00,12,NONE,50.0,19.96,114.31,53.2,66.495,83.25,2077.02,59.14,5,1.0,5,0.9781135306169964
Validation,2027-01-22 06:30:00,2027-01-22 06:59:00,13,NONE,50.0,19.975,114.065,53.23,66.49,83.36,2077.71,59.14,5,1.0,5,0.8130382732935763
Validation,2027-01-22 07:00:00,2027-01-22 07:29:00,14,NONE,50.0,20.03,114.16499999999999,53.2,66.51,83.235,2071.4049999999997,59.14,5,1.0,5,0.7093272453239886
Validation,2027-01-22 07:30:00,2027-01-22 07:59:00,15,NONE,50.0,20.0,113.97,53.22,66.52,83.17,2072.7200000000003,59.14,5,1.0,5,0.778349795420568
Validation,2027-01-22 08:00:00,2027-01-22 08:29:00,16,NONE,50.0,20.0,113.88,53.24,66.52,83.405,2073.365,59.14,5,1.0,5,0.7138661871773717
Validation,2027-01-22 08:30:00,2027-01-22 08:59:00,17,NONE,50.0,19.955,113.98,53.22,66.555,83.375,2075.29,59.13,5,0.6666666666668927,5,0.8011302281980702
Validation,2027-01-22 09:00:00,2027-01-22 09:29:00,18,NONE,50.0,20.005000000000003,114.11,53.2,66.565,83.3,2075.575,59.13,5,1.0,5,0.8640519852335534
Validation,2027-01-22 09:30:00,2027-01-22 09:59:00,19,NONE,50.0,20.04,113.97999999999999,53.21,66.57,83.435,2076.7700000000004,59.13,5,1.0,5,0.7334957466741673
Validation,2027-01-22 10:00:00,2027-01-22 10:29:00,20,NONE,50.0,20.0,113.92500000000001,53.24,66.5,83.37,2074.7200000000003,59.14,5,1.0,5,0.7857441920759075
Validation,2027-01-22 10:30:00,2027-01-22 10:59:00,21,NONE,50.0,20.03,113.93,53.25,66.52,83.41,2072.425,59.13,5,1.0,5,0.6324111249354428
Validation,2027-01-22 11:00:00,2027-01-22 11:29:00,22,NONE,50.0,20.01,114.095,53.23,66.445,83.38,2075.76,59.13,5,1.0,5,0.7453742675265798
Validation,2027-01-22 11:30:00,2027-01-22 11:59:00,23,NONE,50.0,19.98,114.06,53.235,66.43,83.36,2076.345,59.13,5,1.0,5,0.7098553038505313
Validation,2027-01-22 17:00:00,2027-01-22 17:29:00,34,NONE,55.0,19.99,106.02,53.82,66.555,89.04,2283.8,59.12,2,0.001257861635220329,1,0.710347160680138
Validation,2027-01-22 17:30:00,2027-01-22 17:59:00,35,NONE,55.0,19.995,106.02,53.81,66.57499999999999,89.11,2281.015,59.12,2,0.0012586532410322994,1,0.6132307797510836
Validation,2027-01-22 18:00:00,2027-01-22 18:29:00,36,NONE,55.0,20.04,106.005,53.81,66.59,88.91499999999999,2285.66,59.11,2,0.001265822784810331,1,0.7025077449022027
Validation,2027-01-22 18:30:00,2027-01-22 18:59:00,37,NONE,55.0,20.025,106.015,53.8,66.65,89.16499999999999,2285.935,59.12,2,0.0012634238787115116,1,0.5758112879713437
Validation,2027-01-22 19:00:00,2027-01-22 19:29:00,38,NONE,55.0,20.02,105.955,53.81,66.66,89.17500000000001,2285.8900000000003,59.12,2,0.0012626262626264668,1,0.5774783671687568
Validation,2027-01-22 19:30:00,2027-01-22 19:59:00,39,NONE,55.0,19.98,105.975,53.8,66.76,89.22,2279.585,59.12,2,0.001256281407035379,1,0.60583297156753
Validation,2027-01-22 20:00:00,2027-01-22 20:29:00,40,NONE,55.0,19.945,106.02,53.79,66.69,89.28,2281.44,59.12,2,0.001250781738586819,1,0.7442112958308702
Validation,2027-01-22 20:30:00,2027-01-22 20:59:00,41,NONE,55.0,19.985,105.96,53.8,66.72,89.11,2283.045,59.13,2,0.0012570710245130882,1,0.4501188494184947
Validation,2027-01-22 21:00:00,2027-01-22 21:29:00,42,NONE,55.0,20.045,105.94,53.81,66.72,89.08500000000001,2282.1949999999997,59.12,2,0.00126662444585201,1,0.7053207697404491
Validation,2027-01-22 21:30:00,2027-01-22 21:59:00,43,NONE,55.0,20.02,106.0,53.83,66.68,89.2,2282.135,59.12,2,0.0012626262626264668,1,0.7216937991289094
Validation,2027-01-22 22:00:00,2027-01-22 22:29:00,44,NONE,55.0,19.97,105.975,53.81,66.75,89.095,2283.2200000000003,59.12,2,0.0012547051442912942,1,0.5770061040799443
Validation,2027-01-22 22:30:00,2027-01-22 22:59:00,45,NONE,55.0,19.935000000000002,106.01,53.82,66.74,89.23,2283.355,59.13,2,0.001249219237976467,1,0.42842010059263447
Validation,2027-01-22 23:00:00,2027-01-22 23:29:00,46,NONE,55.0,20.015,106.02,53.82,66.75,89.09,2287.805,59.13,2,0.0012618296529970496,1,0.28607816513942547
Validation,2027-01-22 23:30:00,2027-01-22 23:59:00,47,NONE,55.0,19.99,105.97,53.82,66.68,89.3,2285.7,59.13,2,0.001257861635220329,1,0.41041312914904743
Validation,2027-01-23 00:00:00,2027-01-23 00:29:00,48,NONE,55.0,20.06,105.935,53.8,66.695,89.08,2282.115,59.12,2,0.0012690355329951287,1,0.7312801595455798
Validation,2027-01-23 00:30:00,2027-01-23 00:59:00,49,NONE,55.0,20.04,105.965,53.78,66.805,88.97,2281.225,59.12,2,0.001265822784810331,1,0.44839787404327525
Validation,2027-01-23 01:00:00,2027-01-23 01:29:00,50,NONE,55.0,19.994999999999997,106.02,53.77,66.78,89.22,2279.6850000000004,59.12,2,0.0012586532410322985,1,0.5057584030862584
Validation,2027-01-23 01:30:00,2027-01-23 01:59:00,51,NONE,55.0,20.04,106.01,53.785,66.68,89.195,2278.29,59.12,2,0.001265822784810331,1,0.625326698720373
Validation,2027-01-23 02:00:00,2027-01-23 02:29:00,52,NONE,55.0,19.955,105.99,53.79,66.71,89.19,2281.795,59.12,2,0.0012523481527866767,1,0.7410488631744924
Validation,2027-01-23 02:30:00,2027-01-23 02:59:00,53,NONE,55.0,20.01,106.03,53.78,66.7,89.07499999999999,2281.5600000000004,59.12,2,0.0012610340479194979,1,0.6989515271332225
Validation,2027-01-23 03:00:00,2027-01-23 03:29:00,54,NONE,55.0,19.97,105.99,53.78,66.69,89.03,2281.8500000000004,59.125,2,0.0012547051442912942,1,0.5701734775387896
Validation,2027-01-23 03:30:00,2027-01-23 03:59:00,55,NONE,55.0,19.975,106.0,53.79,66.71,89.1,2279.27,59.13,2,0.0012554927809167128,1,0.46029132209087653
Validation,2027-01-23 04:00:00,2027-01-23 04:29:00,56,NONE,55.0,20.01,105.975,53.8,66.72,89.18,2280.44,59.13,2,0.0012610340479194979,1,0.4674370812517776
Validation,2027-01-23 04:30:00,2027-01-23 04:59:00,57,NONE,55.0,19.97,106.015,53.815,66.75,89.205,2280.685,59.13,2,0.0012547051442912942,1,0.4597250937236329
Validation,2027-01-23 05:00:00,2027-01-23 05:29:00,58,NONE,55.0,20.145,105.96,53.825,66.79,89.01,2280.275,59.13,2,0.001282873636946968,1,0.3877229689044125
Validation,2027-01-23 05:30:00,2027-01-23 05:59:00,59,NONE,55.0,20.02,106.01,53.83,66.715,89.18,2282.865,59.13,2,0.0012626262626264668,1,0.44916060239996924
Validation,2027-01-23 06:00:00,2027-01-23 06:29:00,60,NONE,55.0,19.96,106.02,53.83,66.69,89.13,2281.97,59.12,2,0.001253132832080403,1,0.7107808408834159
Validation,2027-01-23 06:30:00,2027-01-23 06:59:00,61,NONE,55.0,19.96,105.99,53.81,66.61,89.12,2279.435,59.12,2,0.001253132832080403,1,0.6786608925946939
Validation,2027-01-23 07:00:00,2027-01-23 07:29:00,62,NONE,55.0,19.97,106.005,53.81,66.59,89.1,2276.65,59.13,2,0.0012547051442912942,1,0.3524588807312835
Validation,2027-01-23 07:30:00,2027-01-23 07:59:00,63,NONE,55.0,20.0,105.945,53.81,66.56,89.25,2282.315,59.13,2,0.001259445843828919,1,0.45468202024496723
Validation,2027-01-23 08:00:00,2027-01-23 08:29:00,64,NONE,55.0,20.0,105.95,53.815,66.59,89.245,2281.6,59.13,2,0.001259445843828919,1,0.4538936315306354
Validation,2027-01-23 08:30:00,2027-01-23 08:59:00,65,NONE,55.0,19.97,105.99,53.83,66.57499999999999,89.22,2284.045,59.13,2,0.0012547051442912942,1,0.46399522318175207
Validation,2027-01-23 09:00:00,2027-01-23 09:29:00,66,NONE,55.0,20.025,106.0,53.83,66.59,89.285,2285.95,59.13,2,0.0012634238787115116,1,0.4085363774320122
Validation,2027-01-23 09:30:00,2027-01-23 09:59:00,67,NONE,55.0,20.0,105.985,53.82,66.63499999999999,89.17,2281.62,59.13,2,0.001259445843828919,1,0.46909912855461683
Validation,2027-01-23 10:00:00,2027-01-23 10:29:00,68,NONE,55.0,20.01,105.94,53.815,66.61,89.35,2282.66,59.13,2,0.0012610340479194979,1,0.45988299805863064
Validation,2027-01-23 10:30:00,2027-01-23 10:59:00,69,NONE,55.0,20.04,105.98,53.81,66.495,89.38,2283.5299999999997,59.13,2,0.001265822784810331,1,0.3921452744963873
Validation,2027-01-23 11:00:00,2027-01-23 11:29:00,70,NONE,55.0,20.06,106.005,53.78,66.56,89.17500000000001,2285.0699999999997,59.13,2,0.0012690355329951287,1,0.41427192251219086
Validation,2027-01-23 11:30:00,2027-01-23 11:59:00,71,NONE,55.0,20.03,105.96,53.79,66.60499999999999,89.13499999999999,2281.7200000000003,59.13,2,0.0012642225031607608,1,0.461702537557107
Validation,2027-01-23 12:00:00,2027-01-23 12:29:00,72,NONE,55.0,19.935000000000002,105.97,53.78,66.56,89.19,2282.16,59.13,2,0.001249219237976467,1,0.44171024628343425
Validation,2027-01-23 12:30:00,2027-01-23 12:59:00,73,NONE,55.0,19.98,105.93,53.8,66.58,89.02,2284.435,59.13,2,0.001256281407035379,1,0.449909347188095
Validation,2027-01-23 13:00:00,2027-01-23 13:29:00,74,NONE,55.0,19.975,105.96,53.81,66.55,89.19,2281.425,59.13,2,0.0012554927809167128,1,0.42492949641834943
Validation,2027-01-23 13:30:00,2027-01-23 13:59:00,75,NONE,55.0,20.035,106.005,53.81,66.59,89.16,2282.785,59.13,2,0.0012650221378876175,1,0.475688653501429
Validation,2027-01-23 14:00:00,2027-01-23 14:29:00,76,NONE,55.0,20.06,106.08,53.81,66.55,89.255,2283.39,59.13,2,0.0012690355329951287,1,0.4522956201536187
Validation,2027-01-23 14:30:00,2027-01-23 14:59:00,77,NONE,55.0,20.04,105.99,53.82,66.44,89.13,2284.035,59.13,2,0.001265822784810331,1,0.32301023346611685
Validation,2027-01-23 15:00:00,2027-01-23 15:29:00,78,NONE,55.0,20.0,105.95,53.81,66.455,89.305,2276.73,59.13,2,0.001259445843828919,1,0.2432414651282015
Validation,2027-01-23 15:30:00,2027-01-23 15:59:00,79,NONE,55.0,19.99,106.01,53.8,66.57499999999999,89.305,2280.865,59.12,2,0.001257861635220329,1,0.6002793582483482
Validation,2027-01-23 16:00:00,2027-01-23 16:29:00,80,NONE,55.0,19.96,106.02,53.79,66.61,89.31,2284.68,59.12,2,0.001253132832080403,1,0.6756655448813889
Validation,2027-01-23 16:30:00,2027-01-23 16:59:00,81,NONE,55.0,19.97,106.01,53.77,66.64,88.985,2284.0299999999997,59.12,2,0.0012547051442912942,1,0.6548038185678001
Validation,2027-01-24 00:00:00,2027-01-24 00:29:00,96,NONE,48.0,19.95,117.84,52.93,66.42500000000001,80.60499999999999,1990.65,59.11,4,0.004975124378112012,3,0.5407269949634037
Validation,2027-01-24 00:30:00,2027-01-24 00:59:00,97,NONE,48.0,20.01,117.97,52.915,66.445,80.68,1992.68,59.11,4,0.005291005291008024,3,0.5927927585991729
Validation,2027-01-24 01:00:00,2027-01-24 01:29:00,98,NONE,48.0,19.994999999999997,118.03,52.91,66.41,80.64500000000001,1995.48,59.11,4,0.005208333333336002,3,0.5348800518005942
Validation,2027-01-24 01:30:00,2027-01-24 01:59:00,99,NONE,48.0,20.02,117.96000000000001,52.92,66.43,80.595,1990.66,59.12,4,0.0053475935828904515,3,0.7330190365198054
Validation,2027-01-24 02:00:00,2027-01-24 02:29:00,100,NONE,48.0,19.97,118.025,52.93,66.43,80.72999999999999,1990.2150000000001,59.11,4,0.005076142131982303,3,0.5511282424281141
Validation,2027-01-24 02:30:00,2027-01-24 02:59:00,101,NONE,48.0,19.99,118.11,52.94,66.45,80.78,1993.06,59.11,4,0.00518134715026173,3,0.5628730427700571
Validation,2027-01-24 03:00:00,2027-01-24 03:29:00,102,NONE,48.0,20.115000000000002,118.21,52.94,66.42500000000001,80.91,1995.13,59.12,4,0.005952380952384035,3,0.6663914350273231
Validation,2027-01-24 03:30:00,2027-01-24 03:59:00,103,NONE,48.0,20.06,117.91,52.95,66.475,80.89500000000001,1991.47,59.12,4,0.005586592178773821,3,0.749830433824952
Validation,2027-01-24 04:00:00,2027-01-24 04:29:00,104,NONE,48.0,19.98,117.91,52.96,66.435,80.78,1986.795,59.12,4,0.005128205128207774,3,0.4537732506662905
Validation,2027-01-24 04:30:00,2027-01-24 04:59:00,105,NONE,48.0,20.01,118.16499999999999,52.93,66.39,80.685,1991.8899999999999,59.11,4,0.005291005291008024,3,0.5611363416548208
Validation,2027-01-24 05:00:00,2027-01-24 05:29:00,106,NONE,48.0,19.99,117.875,52.95,66.41,80.83500000000001,1993.555,59.11,4,0.00518134715026173,3,0.5518413165261815
Validation,2027-01-24 05:30:00,2027-01-24 05:59:00,107,NONE,48.0,19.985,118.12,52.93,66.57499999999999,80.63499999999999,1991.17,59.11,4,0.005154639175260383,3,0.5658072363723857
Validation,2027-01-24 06:00:00,2027-01-24 06:29:00,108,NONE,48.0,19.994999999999997,117.94,52.945,66.56,80.825,1992.645,59.11,4,0.005208333333336002,3,0.5367822059435571
Validation,2027-01-24 06:30:00,2027-01-24 06:59:00,109,NONE,48.0,19.965,117.86500000000001,52.93,66.495,80.89500000000001,1993.6100000000001,59.11,4,0.005050505050507652,3,0.5293359250609775
Validation,2027-01-24 07:00:00,2027-01-24 07:29:00,110,NONE,48.0,19.96,117.955,52.94,66.32,81.06,1993.27,59.11,4,0.005025125628143294,3,0.43998359454167285
Validation,2027-01-24 07:30:00,2027-01-24 07:59:00,111,NONE,48.0,19.95,118.15,52.94,66.24,80.875,1987.67,59.114999999999995,4,0.004975124378112012,3,0.28091304221795116
Validation,2027-01-24 08:00:00,2027-01-24 08:29:00,112,NONE,48.0,19.95,118.10499999999999,52.94,66.23,80.875,1990.7849999999999,59.12,4,0.004975124378112012,3,0.34852797529712065
Validation,2027-01-24 08:30:00,2027-01-24 08:59:00,113,NONE,48.0,19.99,118.22,52.91,66.3,80.785,1991.1,59.11,4,0.00518134715026173,3,0.41568489916358137
Validation,2027-01-24 09:00:00,2027-01-24 09:29:00,114,NONE,48.0,19.985,117.91499999999999,52.94,66.31,80.81,1989.565,59.12,4,0.005154639175260383,3,0.4323990405035298
Validation,2027-01-24 09:30:00,2027-01-24 09:59:00,115,NONE,48.0,20.02,118.02,52.92,66.32,80.76,1990.255,59.12,4,0.0053475935828904515,3,0.5067170812067282
Validation,2027-01-24 10:00:00,2027-01-24 10:29:00,116,NONE,48.0,19.99,118.295,52.9,66.36,80.57499999999999,1986.62,59.12,4,0.00518134715026173,3,0.38275042669874165
Validation,2027-01-24 10:30:00,2027-01-24 10:59:00,117,NONE,48.0,19.95,118.02,52.93,66.39,80.87,1989.12,59.12,4,0.004975124378112012,3,0.5413377431410502
Validation,2027-01-24 11:00:00,2027-01-24 11:29:00,118,NONE,48.0,20.03,117.95,52.93,66.385,80.74000000000001,1992.09,59.11,4,0.005405405405408198,3,0.5572530140373508
Validation,2027-01-24 11:30:00,2027-01-24 11:59:00,119,NONE,48.0,19.994999999999997,118.08500000000001,52.9,66.45,80.735,1989.315,59.11,4,0.005208333333336002,3,0.5298975398694065
Validation,2027-01-24 12:00:00,2027-01-24 12:29:00,120,NONE,48.0,19.975,118.11,52.91,66.44,80.715,1991.17,59.11,4,0.005102040816329165,3,0.5642407969247695
Validation,2027-01-24 12:30:00,2027-01-24 12:59:00,121,NONE,48.0,20.05,117.88,52.92,66.445,80.85,1993.9299999999998,59.11,4,0.0055248618784558895,3,0.5683159111329691
Validation,2027-01-24 13:00:00,2027-01-24 13:29:00,122,NONE,48.0,19.99,118.09,52.925,66.38,80.635,1994.5749999999998,59.11,4,0.00518134715026173,3,0.5230184524186153
Validation,2027-01-24 13:30:00,2027-01-24 13:59:00,123,NONE,48.0,19.965,117.935,52.91,66.38,80.74,1992.5349999999999,59.1,4,0.005050505050507652,3,0.4184144519868617
Validation,2027-01-24 14:00:00,2027-01-24 14:29:00,124,NONE,48.0,19.98,118.115,52.92,66.36500000000001,80.82499999999999,1991.02,59.11,4,0.005128205128207774,3,0.5196386312700951
Validation,2027-01-24 14:30:00,2027-01-24 14:59:00,125,NONE,48.0,19.92,117.905,52.94,66.36,80.905,1988.33,59.1,4,0.004830917874398632,3,0.34306944463670275
Validation,2027-01-24 15:00:00,2027-01-24 15:29:00,126,NONE,48.0,19.98,117.945,52.92,66.39,80.86500000000001,1993.145,59.1,4,0.005128205128207774,3,0.41092157699099374
Validation,2027-01-24 15:30:00,2027-01-24 15:59:00,127,NONE,48.0,20.02,117.97999999999999,52.92,66.4,80.77,1991.4,59.1,4,0.0053475935828904515,3,0.41987497843622806
Validation,2027-01-24 16:00:00,2027-01-24 16:29:00,128,NONE,48.0,20.075,117.905,52.93,66.37,80.765,1990.395,59.1,4,0.005681818181821106,3,0.39212506260172925
Validation,2027-01-24 16:30:00,2027-01-24 16:59:00,129,NONE,48.0,20.015,118.04,52.9,66.46,80.745,1989.3049999999998,59.1,4,0.005319148936172957,3,0.4377498911710146
Validation,2027-01-24 17:00:00,2027-01-24 17:29:00,130,NONE,48.0,19.955,118.07499999999999,52.89,66.465,80.85499999999999,1993.755,59.1,4,0.005000000000002566,3,0.42502230934582025
Validation,2027-01-24 17:30:00,2027-01-24 17:59:00,131,NONE,48.0,19.96,117.995,52.91,66.4,80.69999999999999,1992.345,59.1,4,0.005025125628143294,3,0.42584644236698344
Validation,2027-01-24 18:00:00,2027-01-24 18:29:00,132,NONE,48.0,20.03,118.035,52.92,66.32,80.75,1994.525,59.1,4,0.005405405405408198,3,0.3507511750060467
Validation,2027-01-24 18:30:00,2027-01-24 18:59:00,133,NONE,48.0,20.005000000000003,117.85,52.925,66.3,80.73,1993.4099999999999,59.1,4,0.005263157894739568,3,0.3421585961100728
Validation,2027-01-24 19:00:00,2027-01-24 19:29:00,134,NONE,48.0,20.005000000000003,118.01,52.91,66.28,80.64,1992.78,59.1,4,0.005263157894739568,3,0.32584310685534096
Validation,2027-01-24 19:30:00,2027-01-24 19:59:00,135,NONE,48.0,20.025,118.13,52.91,66.3,80.61500000000001,1986.8449999999998,59.1,4,0.0053763440860242675,3,0.2633895083941962
Validation,2027-01-24 20:00:00,2027-01-24 20:29:00,136,NONE,48.0,20.01,118.295,52.92,66.36500000000001,80.74,1988.76,59.1,4,0.005291005291008024,3,0.36934456780584174
Validation,2027-01-24 20:30:00,2027-01-24 20:59:00,137,NONE,48.0,20.015,118.24,52.92,66.38499999999999,80.75,1988.48,59.105000000000004,4,0.005319148936172957,3,0.4087655078331814
Validation,2027-01-24 21:00:00,2027-01-24 21:29:00,138,NONE,48.0,20.0,118.06,52.92,66.37,80.785,1990.9650000000001,59.1,4,0.005235602094243535,3,0.39656213724672895
Validation,2027-01-24 21:30:00,2027-01-24 21:59:00,139,NONE,48.0,20.025,118.015,52.91,66.34,80.655,1989.83,59.1,4,0.0053763440860242675,3,0.3556162468426313
Validation,2027-01-24 22:00:00,2027-01-24 22:29:00,140,NONE,48.0,20.03,118.0,52.92,66.35,80.565,1988.645,59.1,4,0.005405405405408198,3,0.3490474869052027
Validation,2027-01-24 22:30:00,2027-01-24 22:59:00,141,NONE,48.0,19.98,118.21,52.91,66.35,80.65,1989.8049999999998,59.1,4,0.005128205128207774,3,0.36270766402431454
Validation,2027-01-24 23:00:00,2027-01-24 23:29:00,142,NONE,48.0,20.0,118.00999999999999,52.91,66.31,80.62,1992.23,59.1,4,0.005235602094243535,3,0.36098580800254426
Validation,2027-01-24 23:30:00,2027-01-24 23:59:00,143,NONE,48.0,19.99,118.16499999999999,52.89,66.3,80.68,1988.27,59.1,4,0.00518134715026173,3,0.29807401595570426
Validation,2027-01-25 02:00:00,2027-01-25 02:29:00,148,NONE,50.0,19.99,114.18,53.19,66.44,83.215,2072.645,59.11,5,1.0,5,0.8319437137437321
Validation,2027-01-25 02:30:00,2027-01-25 02:59:00,149,NONE,50.0,19.935000000000002,113.89500000000001,53.22,66.42,83.33500000000001,2070.665,59.11,5,0.6666666666667189,5,0.5378299653084716
Validation,2027-01-25 03:00:00,2027-01-25 03:29:00,150,NONE,50.0,19.95,113.805,53.22,66.35499999999999,83.46,2071.59,59.11,5,0.6666666666668927,5,0.5347622516062004
Validation,2027-01-25 03:30:00,2027-01-25 03:59:00,151,NONE,50.0,20.02,114.035,53.22,66.4,83.28,2072.665,59.11,5,1.0,5,0.6775250608414639
Validation,2027-01-25 04:00:00,2027-01-25 04:29:00,152,NONE,50.0,19.95,113.99,53.21,66.51,83.475,2073.09,59.11,5,0.6666666666668927,5,0.6872993835553085
Validation,2027-01-25 04:30:00,2027-01-25 04:59:00,153,NONE,50.0,19.945,114.00999999999999,53.21,66.49,83.5,2073.37,59.11,5,0.6666666666667536,5,0.7045615234062509
Validation,2027-01-25 05:00:00,2027-01-25 05:29:00,154,NONE,50.0,20.01,113.91,53.21,66.51,83.53,2076.16,59.12,5,1.0,5,0.694870592774455
Validation,2027-01-25 05:30:00,2027-01-25 05:59:00,155,NONE,50.0,20.04,114.15,53.2,66.53,83.465,2077.42,59.12,5,1.0,5,0.719877320869961
Validation,2027-01-25 06:00:00,2027-01-25 06:29:00,156,NONE,50.0,20.035,114.055,53.19,66.525,83.45,2074.69,59.12,5,1.0,5,0.8034156589928421
Validation,2027-01-25 06:30:00,2027-01-25 06:59:00,157,NONE,50.0,20.015,114.10499999999999,53.21,66.46,83.48,2071.395,59.12,5,1.0,5,0.6010007716874026
Validation,2027-01-25 07:00:00,2027-01-25 07:29:00,158,NONE,50.0,20.01,114.14,53.21,66.45,83.54,2074.76,59.12,5,1.0,5,0.7011467939188097
Validation,2027-01-25 07:30:00,2027-01-25 07:59:00,159,NONE,50.0,20.045,113.875,53.26,66.45,83.36,2076.51,59.11,5,1.0,5,0.6231068923776243
Validation,2027-01-25 08:00:00,2027-01-25 08:29:00,160,NONE,50.0,20.01,113.96,53.26,66.37,83.21,2071.935,59.11,5,1.0,5,0.5566982716218268
Validation,2027-01-25 08:30:00,2027-01-25 08:59:00,161,NONE,50.0,20.075,114.255,53.245000000000005,66.41,83.09,2072.06,59.11,5,0.40000000000001884,5,0.6552795107358594
Validation,2027-01-25 09:00:00,2027-01-25 09:29:00,162,NONE,50.0,20.11,114.38499999999999,53.22,66.42500000000001,83.205,2072.01,59.11,5,0.16666666666669058,5,0.7086574523936486
Validation,2027-01-25 09:30:00,2027-01-25 09:59:00,163,NONE,50.0,20.005000000000003,113.98,53.21,66.46,83.205,2076.875,59.12,5,1.0,5,0.7030774166957395
Validation,2027-01-25 10:00:00,2027-01-25 10:29:00,164,NONE,50.0,20.0,114.045,53.195,66.5,83.235,2079.29,59.11,5,1.0,5,0.6904111030204075
Validation,2027-01-25 10:30:00,2027-01-25 10:59:00,165,NONE,50.0,20.075,114.015,53.21,66.535,83.345,2075.56,59.11,5,0.40000000000001884,5,0.7048125871325109
Validation,2027-01-25 11:00:00,2027-01-25 11:29:00,166,NONE,50.0,20.025,114.17500000000001,53.2,66.445,83.13,2080.16,59.11,5,1.0,5,0.6651255459643347
Validation,2027-01-25 11:30:00,2027-01-25 11:59:00,167,NONE,50.0,19.994999999999997,113.9,53.215,66.43,83.245,2072.885,59.105000000000004,5,1.0,5,0.7432872508598736
Validation,2027-01-25 12:00:00,2027-01-25 12:29:00,168,NONE,50.0,19.95,113.91499999999999,53.21,66.47,83.38499999999999,2075.785,59.11,5,0.6666666666668927,5,0.7403193027407481
Validation,2027-01-25 12:30:00,2027-01-25 12:59:00,169,NONE,50.0,20.0,114.035,53.21,66.445,83.29,2074.1099999999997,59.11,5,1.0,5,0.7754458658700657
Validation,2027-01-25 13:00:00,2027-01-25 13:29:00,170,NONE,50.0,20.04,113.95,53.22,66.45,83.41499999999999,2076.8149999999996,59.11,5,1.0,5,0.7065078535694862
Validation,2027-01-25 13:30:00,2027-01-25 13:59:00,171,NONE,50.0,19.96,113.80000000000001,53.23,66.41,83.37,2078.24,59.11,5,1.0,5,0.6585668159129567
Validation,2027-01-25 14:00:00,2027-01-25 14:29:00,172,NONE,50.0,19.975,113.61,53.25,66.445,83.415,2074.065,59.11,5,1.0,5,0.5909126924124859
Validation,2027-01-25 14:30:00,2027-01-25 14:59:00,173,NONE,50.0,19.97,114.13499999999999,53.21,66.42,83.34,2072.915,59.11,5,0.9999999999999218,5,0.7533428000347268
Validation,2027-01-25 15:00:00,2027-01-25 15:29:00,174,NONE,50.0,19.994999999999997,113.955,53.2,66.49,83.42500000000001,2074.2200000000003,59.12,5,1.0,5,0.760327879108521
Validation,2027-01-25 15:30:00,2027-01-25 15:59:00,175,NONE,50.0,20.05,113.935,53.21,66.55,83.38,2074.87,59.11,5,1.0,5,0.6533907474275885
Validation,2027-01-25 16:00:00,2027-01-25 16:29:00,176,NONE,50.0,19.99,113.795,53.22,66.535,83.48,2068.91,59.12,5,1.0,5,0.41517464418874533
Validation,2027-01-25 16:30:00,2027-01-25 16:59:00,177,NONE,50.0,19.990000000000002,113.89500000000001,53.22,66.535,83.6,2074.9449999999997,59.11,5,1.0,5,0.6166847146591307
Validation,2027-01-25 17:00:00,2027-01-25 17:29:00,178,NONE,50.0,20.055,113.83,53.22,66.54,83.435,2075.49,59.11,5,1.0,5,0.6315751010503351
Validation,2027-01-25 17:30:00,2027-01-25 17:59:00,179,NONE,50.0,20.045,114.005,53.22,66.53,83.305,2076.0299999999997,59.114999999999995,5,1.0,5,0.6950370441863072
Validation,2027-01-25 18:00:00,2027-01-25 18:29:00,180,NONE,50.0,20.095,113.93,53.23,66.555,83.38499999999999,2074.585,59.12,5,0.22222222222225893,5,0.6888174181077981
Validation,2027-01-25 18:30:00,2027-01-25 18:59:00,181,NONE,50.0,20.05,113.98,53.24,66.57,83.355,2073.555,59.12,5,1.0,5,0.6226853555216325
Validation,2027-01-25 19:00:00,2027-01-25 19:29:00,182,NONE,50.0,20.0,114.025,53.23,66.51,83.215,2076.535,59.12,5,1.0,5,0.7374648704030102
Validation,2027-01-25 19:30:00,2027-01-25 19:59:00,183,NONE,50.0,19.96,113.805,53.25,66.505,83.5,2075.46,59.12,5,1.0,5,0.6158499320742797
Validation,2027-01-25 20:00:00,2027-01-25 20:29:00,184,NONE,50.0,19.96,113.965,53.25,66.58500000000001,83.38499999999999,2073.725,59.12,5,1.0,5,0.5904997891419773
Validation,2027-01-25 20:30:00,2027-01-25 20:59:00,185,NONE,50.0,19.935000000000002,113.91499999999999,53.24,66.53,83.52,2077.4,59.12,5,0.6666666666667189,5,0.617698054291408
Validation,2027-01-25 21:00:00,2027-01-25 21:29:00,186,NONE,50.0,19.96,113.95,53.25,66.45,83.455,2073.0550000000003,59.11,5,1.0,5,0.6051656591840344
Validation,2027-01-25 21:30:00,2027-01-25 21:59:00,187,NONE,50.0,19.98,113.775,53.24,66.39,83.505,2072.145,59.11,5,1.0,5,0.5430917235912776
Validation,2027-01-25 22:00:00,2027-01-25 22:29:00,188,NONE,50.0,20.03,114.13,53.22,66.38499999999999,83.505,2072.31,59.11,5,1.0,5,0.6359663274985369
Validation,2027-01-25 22:30:00,2027-01-25 22:59:00,189,NONE,50.0,20.115000000000002,114.02,53.22,66.32,83.355,2080.225,59.11,5,0.1538461538461696,5,0.5466901521477752
Validation,2027-01-25 23:00:00,2027-01-25 23:29:00,190,NONE,50.0,19.95,113.89500000000001,53.23,66.34,83.4,2077.84,59.11,5,0.6666666666668927,5,0.6051634975585141
Validation,2027-01-25 23:30:00,2027-01-25 23:59:00,191,NONE,50.0,19.99,113.92500000000001,53.22,66.38,83.44,2073.45,59.11,5,1.0,5,0.6492438684190189
Validation,2027-01-26 00:00:00,2027-01-26 00:29:00,192,NONE,50.0,19.985,113.92500000000001,53.22,66.38,83.33,2073.455,59.11,5,1.0,5,0.674646718010647
Validation,2027-01-26 00:30:00,2027-01-26 00:59:00,193,NONE,50.0,20.09,114.03,53.215,66.44,83.21,2072.1850000000004,59.11,5,0.25000000000003425,5,0.6882059825240892
Validation,2027-01-26 01:00:00,2027-01-26 01:29:00,194,NONE,50.0,19.96,113.98,53.22,66.44,83.33500000000001,2075.645,59.11,5,1.0,5,0.7488072068752991
Validation,2027-01-26 01:30:00,2027-01-26 01:59:00,195,NONE,50.0,20.03,114.26,53.21,66.37,83.195,2077.825,59.12,5,1.0,5,0.6604359833887249
Validation,2027-01-26 03:00:00,2027-01-26 03:29:00,198,NONE,50.0,24.935000000000002,114.89500000000001,53.15,66.51,83.01,2075.895,59.12,7,0.9999999999999989,5,1.0
Validation,2027-01-26 03:30:00,2027-01-26 03:59:00,199,NONE,50.0,24.91,114.81,53.15,66.55,83.19,2073.365,59.12,-1,0.0,5,0.9429550719743202
Validation,2027-01-26 04:00:00,2027-01-26 04:29:00,200,NONE,50.0,25.015,114.91,53.16,66.53,83.055,2076.075,59.11,8,1.0,5,0.9785283402134768
Validation,2027-01-26 04:30:00,2027-01-26 04:59:00,201,NONE,50.0,25.04,115.055,53.15,66.48,83.035,2076.45,59.11,9,1.0,5,1.0
Validation,2027-01-26 05:00:00,2027-01-26 05:29:00,202,NONE,50.0,25.0,115.04499999999999,53.13,66.43,82.95,2077.27,59.11,-1,0.0,5,1.0
Validation,2027-01-26 05:30:00,2027-01-26 05:59:00,203,NONE,50.0,25.04,115.185,53.11,66.45,82.96,2077.1850000000004,59.11,9,1.0,5,1.0
Validation,2027-01-26 06:00:00,2027-01-26 06:29:00,204,NONE,50.0,25.005000000000003,115.285,53.11,66.46,82.83,2077.58,59.11,8,1.0,5,0.980110850973521
Validation,2027-01-26 06:30:00,2027-01-26 06:59:00,205,NONE,50.0,25.005000000000003,115.11,53.13,66.435,82.94,2073.425,59.11,8,1.0,5,1.0
Validation,2027-01-26 07:00:00,2027-01-26 07:29:00,206,NONE,50.0,25.035,115.215,53.125,66.44,82.87,2071.5699999999997,59.105000000000004,9,1.0,5,0.9144896217765035
Validation,2027-01-26 07:30:00,2027-01-26 07:59:00,207,NONE,50.0,25.01,114.88499999999999,53.16,66.48,82.805,2071.675,59.1,8,1.0,5,0.8539311385845253
Validation,2027-01-26 08:00:00,2027-01-26 08:29:00,208,NONE,50.0,25.01,114.78,53.18,66.535,83.03,2070.91,59.105000000000004,8,1.0,5,0.6309079838169971
Validation,2027-01-26 08:30:00,2027-01-26 08:59:00,209,NONE,50.0,25.035,114.86500000000001,53.18,66.535,83.07,2074.85,59.11,9,1.0,5,0.9345653183955384
Validation,2027-01-26 09:00:00,2027-01-26 09:29:00,210,NONE,50.0,24.91,114.9,53.17,66.49,82.97,2073.385,59.11,-1,0.0,5,1.0
Validation,2027-01-26 09:30:00,2027-01-26 09:59:00,211,NONE,50.0,24.905,114.76,53.17,66.42,83.01,2077.8,59.1,-1,0.0,5,1.0
Validation,2027-01-26 10:00:00,2027-01-26 10:29:00,212,NONE,50.0,24.94,114.98,53.135000000000005,66.38,82.96000000000001,2077.585,59.11,7,1.0,5,1.0
Validation,2027-01-26 10:30:00,2027-01-26 10:59:00,213,NONE,50.0,25.0,114.965,53.12,66.375,83.04499999999999,2077.935,59.1,-1,0.0,5,1.0
Validation,2027-01-26 11:00:00,2027-01-26 11:29:00,214,NONE,50.0,24.95,115.005,53.125,66.39,82.83500000000001,2072.0249999999996,59.11,7,1.0,5,0.8421292775609828
Validation,2027-01-26 11:30:00,2027-01-26 11:59:00,215,NONE,50.0,24.994999999999997,114.955,53.12,66.45,82.935,2070.37,59.11,12,0.0,5,0.693735512006179
Validation,2027-01-26 12:00:00,2027-01-26 12:29:00,216,NONE,50.0,24.994999999999997,115.065,53.12,66.46,83.01,2072.195,59.105000000000004,12,0.0,5,1.0
Validation,2027-01-26 12:30:00,2027-01-26 12:59:00,217,NONE,50.0,24.93,114.93,53.13,66.455,83.045,2072.2650000000003,59.1,7,1.0,5,1.0
Validation,2027-01-26 13:00:00,2027-01-26 13:29:00,218,NONE,50.0,24.98,114.83,53.13,66.42,83.125,2071.99,59.1,11,1.0,5,0.9945125772394484
Validation,2027-01-26 13:30:00,2027-01-26 13:59:00,219,NONE,50.0,24.925,115.13499999999999,53.12,66.41499999999999,82.995,2076.1549999999997,59.1,7,1.0,5,1.0
Validation,2027-01-26 14:00:00,2027-01-26 14:29:00,220,NONE,50.0,24.87,115.13499999999999,53.11,66.39,83.005,2079.395,59.1,-1,0.0,5,0.8607152192332032
Validation,2027-01-26 14:30:00,2027-01-26 14:59:00,221,NONE,50.0,24.935000000000002,114.965,53.12,66.34,82.91499999999999,2077.2349999999997,59.1,7,0.9999999999999989,5,0.996999920878904
Validation,2027-01-26 15:00:00,2027-01-26 15:29:00,222,NONE,50.0,24.99,114.94,53.11,66.33,83.00999999999999,2078.02,59.1,12,0.0,5,0.9294209346118038
Validation,2027-01-26 15:30:00,2027-01-26 15:59:00,223,NONE,50.0,24.98,115.035,53.12,66.345,83.045,2074.675,59.09,11,1.0,5,0.7753408769305443
Validation,2027-01-26 16:00:00,2027-01-26 16:29:00,224,NONE,50.0,25.06,115.215,53.14,66.36,82.965,2076.215,59.1,10,1.0,5,1.0
Validation,2027-01-26 16:30:00,2027-01-26 16:59:00,225,NONE,50.0,24.935000000000002,115.05,53.16,66.42,83.01,2076.24,59.1,7,0.9999999999999989,5,1.0
Validation,2027-01-26 17:00:00,2027-01-26 17:29:00,226,NONE,50.0,24.955,115.06,53.15,66.475,83.08500000000001,2076.215,59.1,7,1.0,5,1.0
Validation,2027-01-26 17:30:00,2027-01-26 17:59:00,227,NONE,50.0,24.955,114.94,53.15,66.465,83.02,2075.71,59.11,7,1.0,5,1.0
Validation,2027-01-26 18:00:00,2027-01-26 18:29:00,228,NONE,50.0,24.975,115.09,53.15,66.36,82.91,2075.33,59.1,11,1.0,5,1.0
Validation,2027-01-26 18:30:00,2027-01-26 18:59:00,229,NONE,50.0,24.94,114.935,53.15,66.295,82.965,2073.435,59.1,7,1.0,5,0.7091570087459566
Validation,2027-01-26 19:00:00,2027-01-26 19:29:00,230,NONE,50.0,24.92,114.96,53.16,66.27,82.955,2071.745,59.1,-1,0.0,5,0.5153020609132614
Validation,2027-01-26 19:30:00,2027-01-26 19:59:00,231,NONE,50.0,24.96,115.04,53.15,66.32499999999999,82.99000000000001,2076.3100000000004,59.1,6,1.0,5,0.9822269987837207
Validation,2027-01-26 20:00:00,2027-01-26 20:29:00,232,NONE,50.0,25.07,115.03,53.14,66.36,83.09,2077.265,59.1,-1,0.0,5,1.0
Validation,2027-01-26 20:30:00,2027-01-26 20:59:00,233,NONE,50.0,24.994999999999997,114.91499999999999,53.16,66.36500000000001,83.055,2074.31,59.09,12,0.0,5,0.8099625010980457
Validation,2027-01-26 21:00:00,2027-01-26 21:29:00,234,NONE,50.0,24.94,114.905,53.16,66.39,83.045,2074.265,59.095,7,1.0,5,1.0
Validation,2027-01-26 21:30:00,2027-01-26 21:59:00,235,NONE,50.0,24.935000000000002,115.065,53.15,66.44,82.92500000000001,2072.2749999999996,59.1,7,0.9999999999999989,5,1.0
Validation,2027-01-26 22:00:00,2027-01-26 22:29:00,236,NONE,50.0,24.96,114.775,53.19,66.41499999999999,83.08500000000001,2073.045,59.1,6,1.0,5,0.9947980662368279
Validation,2027-01-26 22:30:00,2027-01-26 22:59:00,237,NONE,50.0,25.064999999999998,114.84,53.17,66.45,83.23,2076.125,59.1,10,0.9999999999999989,5,1.0
Validation,2027-01-26 23:00:00,2027-01-26 23:29:00,238,NONE,50.0,25.13,115.105,53.16,66.495,83.02,2074.125,59.11,-1,0.0,5,1.0
Validation,2027-01-26 23:30:00,2027-01-26 23:59:00,239,NONE,50.0,25.015,114.905,53.18,66.455,83.11,2076.83,59.11,8,1.0,5,1.0
Validation,2027-01-27 00:00:00,2027-01-27 00:29:00,240,NONE,50.0,25.005000000000003,114.92500000000001,53.17,66.42,82.975,2075.6000000000004,59.114999999999995,8,1.0,5,0.9723430422985233
Validation,2027-01-27 00:30:00,2027-01-27 00:59:00,241,NONE,50.0,25.025,115.19,53.155,66.47,82.9,2075.235,59.11,8,1.0,5,1.0
Validation,2027-01-27 01:00:00,2027-01-27 01:29:00,242,NONE,50.0,25.005000000000003,114.87,53.17,66.475,83.035,2071.615,59.114999999999995,8,1.0,5,0.8312247090351292
Validation,2027-01-27 01:30:00,2027-01-27 01:59:00,243,NONE,50.0,24.990000000000002,115.08500000000001,53.17,66.44,82.92500000000001,2072.24,59.11,12,0.0,5,0.9599103629424325
Validation,2027-01-27 02:00:00,2027-01-27 02:29:00,244,NONE,50.0,25.015,115.22,53.16,66.51,83.005,2076.9449999999997,59.12,8,1.0,5,1.0
Validation,2027-01-27 07:00:00,2027-01-27 07:29:00,254,NONE,50.0,49.96,120.07499999999999,52.78,66.78,81.175,2072.415,59.12,3,1.0,4,0.12432989540412158
Validation,2027-01-27 07:30:00,2027-01-27 07:59:00,255,NONE,50.0,50.06,119.935,52.78,66.905,81.205,2073.24,59.12,3,0.5000000000002346,4,0.13536838813105068
Validation,2027-01-27 08:00:00,2027-01-27 08:29:00,256,NONE,50.0,50.11,120.005,52.79,66.95,81.245,2073.02,59.12,3,0.16666666666677096,4,0.13908677381814585
Validation,2027-01-27 08:30:00,2027-01-27 08:59:00,257,NONE,50.0,50.0,119.92,52.77,67.06,81.23,2073.94,59.12,3,1.0,4,0.14351528424374943
Validation,2027-01-27 09:00:00,2027-01-27 09:29:00,258,NONE,50.0,50.05,119.72999999999999,52.77,67.06,81.33,2076.19,59.12,3,0.6666666666671532,4,0.14263582290947807
Validation,2027-01-27 09:30:00,2027-01-27 09:59:00,259,NONE,50.0,49.965,119.745,52.775000000000006,67.02,81.405,2073.06,59.12,3,1.0,4,0.1425243148350144
Validation,2027-01-27 10:00:00,2027-01-27 10:29:00,260,NONE,50.0,49.99,119.99,52.76,67.06,81.245,2074.2200000000003,59.12,3,1.0,4,0.14373091695915094
Validation,2027-01-27 10:30:00,2027-01-27 10:59:00,261,NONE,50.0,50.04,120.025,52.76,67.065,81.125,2076.5600000000004,59.12,3,1.0,4,0.14238695159848283
Validation,2027-01-27 11:00:00,2027-01-27 11:29:00,262,NONE,50.0,50.04,119.96,52.77,66.99,81.16499999999999,2076.755,59.12,3,1.0,4,0.1395230776346162
Validation,2027-01-27 11:30:00,2027-01-27 11:59:00,263,NONE,50.0,49.92,120.005,52.77,67.04,81.24,2075.3,59.12,3,0.4000000000003253,4,0.14342990654478804
Validation,2027-01-27 12:00:00,2027-01-27 12:29:00,264,NONE,50.0,49.995000000000005,120.095,52.78,67.01,81.09,2073.21,59.12,3,1.0,4,0.14180670729695782
Validation,2027-01-27 12:30:00,2027-01-27 12:59:00,265,NONE,50.0,49.9,120.05,52.79,66.99,81.16,2074.495,59.12,3,0.25000000000017597,4,0.14273734504136065
Validation,2027-01-27 13:00:00,2027-01-27 13:29:00,266,NONE,50.0,49.95,119.995,52.8,67.05,81.12,2077.755,59.12,3,1.0,4,0.1413539015544112
Validation,2027-01-27 13:30:00,2027-01-27 13:59:00,267,NONE,50.0,49.98,120.08500000000001,52.775000000000006,67.05,81.225,2077.13,59.12,3,1.0,4,0.14250801979137398
Validation,2027-01-27 14:00:00,2027-01-27 14:29:00,268,NONE,50.0,50.05,119.86500000000001,52.79,66.995,81.29,2075.715,59.12,3,0.6666666666671532,4,0.14102410087846012
Validation,2027-01-27 14:30:00,2027-01-27 14:59:00,269,NONE,50.0,49.99,119.89500000000001,52.815,66.89,81.10499999999999,2075.335,59.12,3,1.0,4,0.13329712821392778
Validation,2027-01-27 15:00:00,2027-01-27 15:29:00,270,NONE,50.0,50.004999999999995,119.86,52.81,66.88,81.215,2076.385,59.12,3,1.0,4,0.13302817855419405
Validation,2027-01-27 15:30:00,2027-01-27 15:59:00,271,NONE,50.0,50.03,120.015,52.79,66.905,81.14,2071.465,59.11,3,1.0,4,0.11960413476030679
Validation,2027-01-27 16:00:00,2027-01-27 16:29:00,272,NONE,50.0,49.955,119.86,52.81,66.93,81.31,2074.085,59.11,3,1.0,4,0.12245982331731457
Validation,2027-01-27 16:30:00,2027-01-27 16:59:00,273,NONE,50.0,50.0,119.86500000000001,52.79,66.975,81.27,2076.385,59.11,3,1.0,4,0.12361124956665195
Validation,2027-01-27 17:00:00,2027-01-27 17:29:00,274,NONE,50.0,50.06,119.96,52.76,66.995,81.4,2077.2749999999996,59.11,3,0.5000000000002346,4,0.12311587950423786
Validation,2027-01-27 17:30:00,2027-01-27 17:59:00,275,NONE,50.0,50.07,119.975,52.75,67.06,81.18,2074.375,59.11,3,0.4000000000002753,4,0.12649358867397917
Validation,2027-01-27 18:00:00,2027-01-27 18:29:00,276,NONE,50.0,50.02,120.025,52.75,67.07,81.28,2073.1949999999997,59.11,3,1.0,4,0.12630209466527395
Validation,2027-01-27 18:30:00,2027-01-27 18:59:00,277,NONE,50.0,50.03,120.11500000000001,52.76,67.07,81.305,2074.54,59.114999999999995,3,1.0,4,0.13494724136539224
Validation,2027-01-27 19:00:00,2027-01-27 19:29:00,278,NONE,50.0,50.004999999999995,119.915,52.78,67.06,81.345,2073.6800000000003,59.12,3,1.0,4,0.14343854572028483
Validation,2027-01-27 19:30:00,2027-01-27 19:59:00,279,NONE,50.0,50.04,119.875,52.79,67.07,81.32499999999999,2077.8599999999997,59.11,3,1.0,4,0.12545256756725648
Validation,2027-01-27 20:00:00,2027-01-27 20:29:00,280,NONE,50.0,49.985,119.745,52.8,67.07,81.46,2078.5,59.12,3,1.0,4,0.1398779566984563
Validation,2027-01-27 20:30:00,2027-01-27 20:59:00,281,NONE,50.0,49.995000000000005,120.02,52.76,66.99,81.26,2080.045,59.13,3,1.0,4,0.14760492957654955
Validation,2027-01-27 21:00:00,2027-01-27 21:29:00,282,NONE,50.0,49.95,120.06,52.74,66.95,81.31,2075.135,59.12,3,1.0,4,0.13841699850339748
Validation,2027-01-27 21:30:00,2027-01-27 21:59:00,283,NONE,50.0,50.0,120.13,52.74,66.9,81.24,2070.93,59.13,3,1.0,4,0.14626981615348567
Validation,2027-01-27 22:00:00,2027-01-27 22:29:00,284,NONE,50.0,49.875,119.91,52.77,66.95,81.185,2077.005,59.13,3,0.1538461538462612,4,0.15704825222416338
Validation,2027-01-27 22:30:00,2027-01-27 22:59:00,285,NONE,50.0,49.955,119.87,52.77,66.93,81.36,2080.38,59.13,3,1.0,4,0.1449659784937636
Validation,2027-01-27 23:00:00,2027-01-27 23:29:00,286,NONE,50.0,50.025000000000006,119.77,52.76,66.89,81.41499999999999,2076.37,59.13,3,1.0,4,0.14960694111919984
Validation,2027-01-27 23:30:00,2027-01-27 23:59:00,287,NONE,50.0,50.075,119.81,52.77,66.9,81.4,2075.9449999999997,59.13,3,0.40000000000017516,4,0.15163832715422332
Validation,2027-01-28 00:00:00,2027-01-28 00:29:00,288,NONE,50.0,50.025000000000006,119.82499999999999,52.77,66.91,81.215,2074.83,59.13,3,1.0,4,0.15444818626308413
Validation,2027-01-28 00:30:00,2027-01-28 00:59:00,289,NONE,50.0,49.98,119.97,52.76,66.95,81.14,2079.11,59.13,3,1.0,4,0.14781702733787616
Validation,2027-01-28 01:00:00,2027-01-28 01:29:00,290,NONE,50.0,49.965,120.17500000000001,52.72,67.035,81.015,2079.06,59.135000000000005,3,1.0,4,0.16479370901409388
Validation,2027-01-28 01:30:00,2027-01-28 01:59:00,291,NONE,50.0,50.0,120.16499999999999,52.73,67.05,81.17500000000001,2074.955,59.13,3,1.0,4,0.16364563122066206
Validation,2027-01-28 02:00:00,2027-01-28 02:29:00,292,NONE,50.0,49.97,119.84,52.77,66.99,81.32,2071.94,59.13,3,1.0,4,0.16178077287046186
Validation,2027-01-28 02:30:00,2027-01-28 02:59:00,293,NONE,50.0,50.04,120.07,52.76,66.92,81.375,2071.86,59.13,3,1.0,4,0.1531784453186784
Validation,2027-01-28 03:00:00,2027-01-28 03:29:00,294,NONE,50.0,50.04,119.97999999999999,52.79,66.875,81.32499999999999,2070.955,59.13,3,1.0,4,0.14631170109032318
Validation,2027-01-28 03:30:00,2027-01-28 03:59:00,295,NONE,50.0,50.06,119.985,52.8,66.945,81.25,2075.84,59.13,3,0.5000000000002346,4,0.15677997588827097
Validation,2027-01-28 04:00:00,2027-01-28 04:29:00,296,NONE,50.0,50.0,119.905,52.785,66.965,81.08500000000001,2075.81,59.13,3,1.0,4,0.15861231855408447
Validation,2027-01-28 04:30:00,2027-01-28 04:59:00,297,NONE,50.0,50.025000000000006,119.92,52.77,67.025,81.185,2075.12,59.13,3,1.0,4,0.16620309149241888
Validation,2027-01-28 05:00:00,2027-01-28 05:29:00,298,NONE,50.0,49.99,120.16,52.75,67.05,81.12,2076.335,59.12,3,1.0,4,0.14231182173861368
Validation,2027-01-28 05:30:00,2027-01-28 05:59:00,299,NONE,50.0,50.035,120.13,52.74,67.07,81.225,2073.925,59.125,3,1.0,4,0.15371540300065692
Validation,2027-01-28 06:00:00,2027-01-28 06:29:00,300,NONE,50.0,50.02,120.0,52.77,67.07,81.21000000000001,2073.835,59.12,3,1.0,4,0.1438708536877401
Validation,2027-01-28 06:30:00,2027-01-28 06:59:00,301,NONE,50.0,49.98,120.0,52.77,67.03,81.265,2073.44,59.12,3,1.0,4,0.14175579367535796
Validation,2027-01-28 12:00:00,2027-01-28 12:29:00,312,NONE,50.0,20.155,114.025,53.224999999999994,66.41,83.46,2075.4300000000003,59.12,5,0.09523809523810625,5,0.6373814226777577
Validation,2027-01-28 12:30:00,2027-01-28 12:59:00,313,NONE,50.0,20.01,114.1,53.22,66.375,83.36,2078.935,59.12,5,1.0,5,0.5995367944551756
Validation,2027-01-28 13:00:00,2027-01-28 13:29:00,314,NONE,50.0,20.03,114.13,53.22,66.455,83.3,2077.18,59.12,5,1.0,5,0.677838028975462
Validation,2027-01-28 13:30:00,2027-01-28 13:59:00,315,NONE,50.0,19.95,113.795,53.24,66.49,83.42,2074.99,59.12,5,0.6666666666668927,5,0.6631716605801898
Validation,2027-01-28 14:00:00,2027-01-28 14:29:00,316,NONE,50.0,19.975,113.84,53.215,66.57499999999999,83.28999999999999,2072.815,59.12,5,1.0,5,0.6243847631477876
Validation,2027-01-28 14:30:00,2027-01-28 14:59:00,317,NONE,50.0,19.98,113.89,53.21,66.51,83.21,2070.8149999999996,59.12,5,1.0,5,0.5521464876994271
Validation,2027-01-28 15:00:00,2027-01-28 15:29:00,318,NONE,50.0,19.985,113.96,53.21,66.475,83.245,2070.6400000000003,59.12,5,1.0,5,0.5627975228638954
Validation,2027-01-28 15:30:00,2027-01-28 15:59:00,319,NONE,50.0,20.0,113.985,53.21,66.435,83.42,2071.0,59.12,5,1.0,5,0.5800844347711457
Validation,2027-01-28 16:00:00,2027-01-28 16:29:00,320,NONE,50.0,19.94,113.87,53.22,66.46,83.465,2076.0950000000003,59.12,5,0.6666666666668927,5,0.6504755463632392
Validation,2027-01-28 16:30:00,2027-01-28 16:59:00,321,NONE,50.0,20.03,113.83500000000001,53.22,66.48,83.46,2076.265,59.12,5,1.0,5,0.6703754237823476
Validation,2027-01-28 17:00:00,2027-01-28 17:29:00,322,NONE,50.0,20.064999999999998,113.92,53.195,66.48,83.25,2080.915,59.12,5,0.5000000000001761,5,0.5530643335546283
Validation,2027-01-28 17:30:00,2027-01-28 17:59:00,323,NONE,50.0,20.015,114.035,53.2,66.48,83.39500000000001,2077.37,59.12,5,1.0,5,0.6898617406762051
Validation,2027-01-28 18:00:00,2027-01-28 18:29:00,324,NONE,50.0,20.03,114.00999999999999,53.21,66.465,83.25,2078.485,59.12,5,1.0,5,0.6736795905505497
Validation,2027-01-28 18:30:00,2027-01-28 18:59:00,325,NONE,50.0,19.935000000000002,114.125,53.2,66.53,83.215,2074.995,59.12,5,0.6666666666667189,5,0.8822356899512623
Validation,2027-01-28 19:00:00,2027-01-28 19:29:00,326,NONE,50.0,19.92,113.97,53.205,66.465,83.27,2075.915,59.12,5,0.6666666666667189,5,0.7313063026711781
Validation,2027-01-28 19:30:00,2027-01-28 19:59:00,327,NONE,50.0,20.009999999999998,114.045,53.22,66.42,83.215,2074.8199999999997,59.12,5,1.0,5,0.7237429585263544
Validation,2027-01-28 20:00:00,2027-01-28 20:29:00,328,NONE,50.0,20.035,113.96,53.22,66.435,83.31,2074.5150000000003,59.12,5,1.0,5,0.7152144692302944
Validation,2027-01-28 20:30:00,2027-01-28 20:59:00,329,NONE,50.0,20.01,113.83,53.24,66.39500000000001,83.46000000000001,2069.0249999999996,59.12,5,1.0,5,0.42663480514989643
Validation,2027-01-28 21:00:00,2027-01-28 21:29:00,330,NONE,50.0,20.035,113.96,53.23,66.4,83.17,2072.465,59.125,5,1.0,5,0.6552672265282057
Validation,2027-01-28 21:30:00,2027-01-28 21:59:00,331,NONE,50.0,20.03,114.005,53.22,66.445,83.3,2073.3450000000003,59.12,5,1.0,5,0.733594782926712
Validation,2027-01-28 22:00:00,2027-01-28 22:29:00,332,NONE,50.0,19.95,113.86,53.23,66.43,83.35499999999999,2072.87,59.12,5,0.6666666666668927,5,0.6387700682152174
Validation,2027-01-28 22:30:00,2027-01-28 22:59:00,333,NONE,50.0,19.91,114.12,53.22,66.44,83.38,2071.34,59.12,5,0.40000000000000635,5,0.61795462472832
Validation,2027-01-28 23:00:00,2027-01-28 23:29:00,334,NONE,50.0,19.98,113.975,53.22,66.33,83.39500000000001,2075.2,59.13,5,1.0,5,0.5672984037365473
Validation,2027-01-28 23:30:00,2027-01-28 23:59:00,335,NONE,50.0,20.015,113.92500000000001,53.23,66.375,83.37,2075.005,59.12,5,1.0,5,0.6057298554051304
Control,2027-01-29 00:00:00,2027-01-29 00:29:00,0,NONE,50.0,20.0,113.80000000000001,53.24,66.45,83.4,2077.13,59.13,5,1.0,5,0.6560021050268524
Control,2027-01-29 00:30:00,2027-01-29 00:59:00,1,NONE,50.0,20.01,113.94999999999999,53.21,66.49,83.41499999999999,2077.635,59.13,5,1.0,5,0.7404945651349765
Control,2027-01-29 01:00:00,2027-01-29 01:29:00,2,NONE,50.0,19.96,114.035,53.2,66.45,83.18,2076.745,59.13,5,1.0,5,0.8348796460575147
Control,2027-01-29 01:30:00,2027-01-29 01:59:00,3,NONE,50.0,19.99,114.05,53.19,66.33500000000001,83.32,2073.99,59.13,5,1.0,5,0.6441570838191751
Control,2027-01-29 02:00:00,2027-01-29 02:29:00,4,NONE,50.0,19.97,113.97,53.2,66.34,83.42500000000001,2071.145,59.13,5,0.9999999999999218,5,0.525435622809795
Control,2027-01-29 02:30:00,2027-01-29 02:59:00,5,NONE,50.0,19.94,113.85,53.2,66.38,83.375,2067.545,59.14,5,0.6666666666668927,5,0.4297860373023511
Control,2027-01-29 03:00:00,2027-01-29 03:29:00,6,NONE,50.0,19.96,113.83500000000001,53.22,66.43,83.33,2075.875,59.135000000000005,5,1.0,5,0.7747489908522065
Control,2027-01-29 03:30:00,2027-01-29 03:59:00,7,NONE,50.0,19.945,114.055,53.21,66.41,83.21,2074.075,59.14,5,0.6666666666667536,5,0.8035562402666248
Control,2027-01-29 04:00:00,2027-01-29 04:29:00,8,NONE,50.0,20.03,114.07499999999999,53.21,66.405,83.42,2075.715,59.14,5,1.0,5,0.7251484808474902
Control,2027-01-29 04:30:00,2027-01-29 04:59:00,9,NONE,50.0,20.03,114.06,53.21,66.49,83.455,2076.95,59.15,5,1.0,5,0.9846447329089179
Control,2027-01-29 05:00:00,2027-01-29 05:29:00,10,NONE,50.0,20.03,113.965,53.21,66.48,83.42500000000001,2074.44,59.15,5,1.0,5,1.0
Control,2027-01-29 05:30:00,2027-01-29 05:59:00,11,NONE,50.0,20.06,113.88,53.224999999999994,66.47,83.49,2074.3050000000003,59.15,5,0.6666666666668927,5,0.9307836254452648
Control,2027-01-29 06:00:00,2027-01-29 06:29:00,12,NONE,50.0,19.975,114.14500000000001,53.21,66.515,83.22,2075.115,59.15,5,1.0,5,1.0
Control,2027-01-29 06:30:00,2027-01-29 06:59:00,13,NONE,50.0,19.94,114.13499999999999,53.2,66.51,83.32499999999999,2073.565,59.15,5,0.6666666666668927,5,0.9739204742700112
Control,2027-01-29 07:00:00,2027-01-29 07:29:00,14,NONE,50.0,20.0,114.005,53.2,66.565,83.29,2074.57,59.16,5,1.0,5,1.0
Control,2027-01-29 07:30:00,2027-01-29 07:59:00,15,NONE,50.0,20.064999999999998,114.095,53.19,66.545,83.38,2076.42,59.15,5,0.5000000000001761,5,0.9851199368705774
Control,2027-01-29 08:00:00,2027-01-29 08:29:00,16,NONE,50.0,19.985,114.1,53.19,66.49,83.36,2072.9049999999997,59.15,5,1.0,5,0.9181183856322886
Control,2027-01-29 08:30:00,2027-01-29 08:59:00,17,NONE,50.0,19.97,114.25,53.17,66.54,83.235,2072.4449999999997,59.16,5,0.9999999999999218,5,0.999330767360989
Control,2027-01-29 09:00:00,2027-01-29 09:29:00,18,NONE,50.0,19.97,113.88,53.21,66.57,83.38,2073.41,59.16,5,0.9999999999999218,5,0.9061684583933628
Control,2027-01-29 09:30:00,2027-01-29 09:59:00,19,NONE,50.0,19.93,113.87,53.23,66.57,83.35,2075.2799999999997,59.15,5,1.0,5,0.9055111523760321
Control,2027-01-29 10:00:00,2027-01-29 10:29:00,20,NONE,50.0,19.98,114.06,53.22,66.58,83.205,2076.3199999999997,59.16,5,1.0,5,1.0
Control,2027-01-29 10:30:00,2027-01-29 10:59:00,21,NONE,50.0,20.02,113.91,53.24,66.63,83.36500000000001,2077.375,59.15,5,1.0,5,0.7164466139470392
Control,2027-01-29 11:00:00,2027-01-29 11:29:00,22,NONE,50.0,19.994999999999997,114.17500000000001,53.23,66.63499999999999,83.4,2072.275,59.16,5,1.0,5,0.7570493226110606
Control,2027-01-29 18:00:00,2027-01-29 18:29:00,36,NONE,56.0,19.935000000000002,105.995,53.81,66.64,89.81,2321.51,59.16,2,0.0009377709074804033,1,0.04144050299669212
Control,2027-01-29 18:30:00,2027-01-29 18:59:00,37,NONE,56.0,19.965,106.04,53.815,66.66,89.86,2320.1949999999997,59.16,2,0.0009397539597955281,1,0.042865501533652484
Control,2027-01-29 19:00:00,2027-01-29 19:29:00,38,NONE,56.0,20.02,106.03,53.8,66.67500000000001,89.755,2322.69,59.16,2,0.0009434028384866141,1,0.040190202414236424
Control,2027-01-29 19:30:00,2027-01-29 19:59:00,39,NONE,56.0,20.064999999999998,105.965,53.79,66.67,89.765,2316.08,59.165,2,0.0009464010355880143,1,0.04777859802189924
Control,2027-01-29 20:00:00,2027-01-29 20:29:00,40,NONE,56.0,20.07,105.96,53.8,66.67,89.82499999999999,2319.9750000000004,59.17,2,0.0009467348753336111,1,0.0425951689712832
Control,2027-01-29 20:30:00,2027-01-29 20:59:00,41,NONE,56.0,20.005000000000003,106.005,53.82,66.7,89.75,2325.1850000000004,59.175,2,0.0009424059874335198,1,0.03724272734577151
Control,2027-01-29 21:00:00,2027-01-29 21:29:00,42,NONE,56.0,19.97,106.05,53.81,66.71,89.75999999999999,2323.305,59.17,2,0.0009400849662278591,1,0.03912633224105257
Control,2027-01-29 21:30:00,2027-01-29 21:59:00,43,NONE,56.0,19.925,105.985,53.805,66.67,89.75,2324.66,59.17,2,0.0009371110286500656,1,0.037933010329860115
Control,2027-01-29 22:00:00,2027-01-29 22:29:00,44,NONE,56.0,19.975,105.99,53.8,66.77,89.66499999999999,2326.19,59.165,2,0.0009404161147527223,1,0.03667581416498848
Control,2027-01-29 22:30:00,2027-01-29 22:59:00,45,NONE,56.0,19.97,105.995,53.79,66.78,89.67,2326.09,59.16,2,0.0009400849662278591,1,0.036922598331187786
Control,2027-01-29 23:00:00,2027-01-29 23:29:00,46,NONE,56.0,19.98,106.0,53.79,66.845,89.61500000000001,2324.84,59.17,2,0.00094074740532754,1,0.037440253650618385
Control,2027-01-29 23:30:00,2027-01-29 23:59:00,47,NONE,56.0,19.99,105.995,53.79,66.82,89.795,2326.87,59.17,2,0.000941410412454789,1,0.0358172316730996
Control,2027-01-30 00:00:00,2027-01-30 00:29:00,48,NONE,56.0,19.94,105.975,53.78,66.76,89.68,2328.63,59.17,2,0.0009381010604850206,1,0.03459973204108953
Control,2027-01-30 00:30:00,2027-01-30 00:59:00,49,NONE,56.0,19.96,105.96,53.79,66.735,89.735,2326.98,59.17,2,0.0009394230954979189,1,0.035892029051796254
Control,2027-01-30 01:00:00,2027-01-30 01:29:00,50,NONE,56.0,20.07,105.975,53.79,66.67,89.64,2322.605,59.17,2,0.0009467348753336111,1,0.039871673089974476
Control,2027-01-30 01:30:00,2027-01-30 01:59:00,51,NONE,56.0,19.994999999999997,105.96,53.77,66.65,89.845,2322.89,59.18,2,0.0009417421289201212,1,0.0391128295742521
Control,2027-01-30 02:00:00,2027-01-30 02:29:00,52,NONE,56.0,20.08,105.97,53.78,66.72,89.74,2324.9849999999997,59.17,2,0.0009474029782722765,1,0.0375811179261558
Control,2027-01-30 02:30:00,2027-01-30 02:59:00,53,NONE,56.0,19.994999999999997,105.99,53.79,66.785,89.815,2328.3050000000003,59.17,2,0.0009417421289201212,1,0.034785646454271825
Control,2027-01-30 03:00:00,2027-01-30 03:29:00,54,NONE,56.0,19.98,106.025,53.8,66.78,89.79,2325.02,59.17,2,0.00094074740532754,1,0.03742914244391546
Control,2027-01-30 03:30:00,2027-01-30 03:59:00,55,NONE,56.0,19.99,106.01,53.8,66.71,89.84,2325.625,59.17,2,0.000941410412454789,1,0.03703242688741979
Control,2027-01-30 04:00:00,2027-01-30 04:29:00,56,NONE,56.0,19.975,106.03,53.8,66.61500000000001,89.775,2325.9849999999997,59.17,2,0.0009404161147527223,1,0.036810151734994065
Control,2027-01-30 04:30:00,2027-01-30 04:59:00,57,NONE,56.0,19.884999999999998,106.065,53.81,66.64500000000001,89.815,2327.9300000000003,59.17,2,0.0009344772147178712,1,0.035222015694960064
Control,2027-01-30 05:00:00,2027-01-30 05:29:00,58,NONE,56.0,19.98,106.04,53.8,66.755,89.755,2326.145,59.17,2,0.00094074740532754,1,0.036533377061727886
Control,2027-01-30 05:30:00,2027-01-30 05:59:00,59,NONE,56.0,20.01,106.0,53.795,66.75,89.725,2321.775,59.18,2,0.0009427381293921352,1,0.04004850224637359
Control,2027-01-30 06:00:00,2027-01-30 06:29:00,60,NONE,56.0,20.0,106.045,53.8,66.78,89.565,2324.715,59.18,2,0.0009420739872612078,1,0.037317089212132434
Control,2027-01-30 06:30:00,2027-01-30 06:59:00,61,NONE,56.0,20.04,106.065,53.81,66.76,89.705,2323.6,59.18,2,0.0009447339560907049,1,0.03832270219769602
Control,2027-01-30 07:00:00,2027-01-30 07:29:00,62,NONE,56.0,20.04,106.0,53.81,66.65,89.6,2322.525,59.18,2,0.0009447339560907049,1,0.039496284816434614
Control,2027-01-30 07:30:00,2027-01-30 07:59:00,63,NONE,56.0,19.99,106.015,53.81,66.63,89.51,2322.02,59.18,2,0.000941410412454789,1,0.04000407815271658
Control,2027-01-30 08:00:00,2027-01-30 08:29:00,64,NONE,56.0,19.98,105.96,53.8,66.66,89.775,2322.39,59.18,2,0.00094074740532754,1,0.03959496910919345
Control,2027-01-30 08:30:00,2027-01-30 08:59:00,65,NONE,56.0,19.99,105.99,53.8,66.705,89.67,2323.625,59.18,2,0.000941410412454789,1,0.03840657470379951
Control,2027-01-30 09:00:00,2027-01-30 09:29:00,66,NONE,56.0,20.04,105.92,53.795,66.73,89.715,2321.33,59.18,2,0.0009447339560907049,1,0.04053307625796996
Control,2027-01-30 09:30:00,2027-01-30 09:59:00,67,NONE,56.0,19.97,105.995,53.81,66.7,89.815,2325.63,59.185,2,0.0009400849662278591,1,0.03645842046195306
Control,2027-01-30 10:00:00,2027-01-30 10:29:00,68,NONE,56.0,19.96,106.0,53.81,66.65,89.875,2326.45,59.19,2,0.0009394230954979189,1,0.03563551298385366
Control,2027-01-30 10:30:00,2027-01-30 10:59:00,69,NONE,56.0,19.965,106.04,53.81,66.65,89.62,2323.545,59.19,2,0.0009397539597955281,1,0.03805923310543483
Control,2027-01-30 11:00:00,2027-01-30 11:29:00,70,NONE,56.0,19.98,106.01,53.79,66.65,89.61500000000001,2326.565,59.19,2,0.00094074740532754,1,0.035574116815411234
Control,2027-01-30 11:30:00,2027-01-30 11:59:00,71,NONE,56.0,20.055,106.08,53.785,66.66,89.755,2327.7650000000003,59.19,2,0.0009457337797949848,1,0.03465142337388226
Control,2027-01-30 12:00:00,2027-01-30 12:29:00,72,NONE,56.0,20.09,106.03,53.815,66.7,89.83,2324.995,59.18,2,0.000948071645468542,1,0.037192435350514925
Control,2027-01-30 12:30:00,2027-01-30 12:59:00,73,NONE,56.0,20.015,105.93,53.82,66.66,89.66,2322.12,59.18,2,0.0009430704130917374,1,0.03986790513880655
Control,2027-01-30 13:00:00,2027-01-30 13:29:00,74,NONE,56.0,19.96,105.995,53.8,66.66,89.78,2325.8,59.18,2,0.0009394230954979189,1,0.03656683905084831
Control,2027-01-30 13:30:00,2027-01-30 13:59:00,75,NONE,56.0,19.95,105.955,53.78,66.63,89.83500000000001,2323.8100000000004,59.18,2,0.0009387617934736989,1,0.03828580703218455
Control,2027-01-30 14:00:00,2027-01-30 14:29:00,76,NONE,56.0,20.03,105.905,53.78,66.64,89.795,2321.51,59.185,2,0.0009440681141773558,1,0.04018917001700432
Control,2027-01-30 14:30:00,2027-01-30 14:59:00,77,NONE,56.0,20.03,105.92,53.8,66.73,89.67,2322.92,59.18,2,0.0009440681141773558,1,0.03900903901379404
Control,2027-01-30 15:00:00,2027-01-30 15:29:00,78,NONE,56.0,19.979999999999997,106.0,53.8,66.77,89.71,2323.74,59.185,2,0.0009407474053275396,1,0.0379437134778915
Control,2027-01-30 15:30:00,2027-01-30 15:59:00,79,NONE,56.0,20.03,106.06,53.805,66.84,89.695,2322.2250000000004,59.18,2,0.0009440681141773558,1,0.03935116483403824
Control,2027-01-30 16:00:00,2027-01-30 16:29:00,80,NONE,56.0,20.03,106.06,53.8,66.81,89.83,2323.7749999999996,59.19,2,0.0009440681141773558,1,0.037557572750395125
Control,2027-01-30 16:30:00,2027-01-30 16:59:00,81,NONE,56.0,20.075,105.97,53.8,66.78,89.725,2319.69,59.19,2,0.000947068856245214,1,0.041458923673939926
Control,2027-01-31 04:00:00,2027-01-31 04:29:00,104,NONE,45.0,20.03,123.995,52.495000000000005,67.38499999999999,76.705,1869.815,59.18,-1,0.0,-1,0.0
Control,2027-01-31 04:30:00,2027-01-31 04:59:00,105,NONE,45.0,20.09,124.11,52.5,67.56,76.815,1870.915,59.18,-1,0.0,-1,0.0
Control,2027-01-31 05:00:00,2027-01-31 05:29:00,106,NONE,45.0,20.005000000000003,124.13499999999999,52.51,67.64,76.83,1871.935,59.19,-1,0.0,-1,0.0
Control,2027-01-31 05:30:00,2027-01-31 05:59:00,107,NONE,45.0,19.98,124.055,52.5,67.66,76.795,1868.795,59.19,-1,0.0,-1,0.0
Control,2027-01-31 06:00:00,2027-01-31 06:29:00,108,NONE,45.0,20.0,123.87,52.5,67.745,76.915,1866.26,59.19,-1,0.0,-1,0.0
Control,2027-01-31 06:30:00,2027-01-31 06:59:00,109,NONE,45.0,20.035,124.1,52.48,67.8,76.77,1867.33,59.19,-1,0.0,-1,0.0
Control,2027-01-31 07:00:00,2027-01-31 07:29:00,110,NONE,45.0,20.06,123.82499999999999,52.5,67.8,76.86500000000001,1863.375,59.19,-1,0.0,-1,0.0
Control,2027-01-31 07:30:00,2027-01-31 07:59:00,111,NONE,45.0,20.06,123.91499999999999,52.5,67.84,76.9,1865.835,59.19,-1,0.0,-1,0.0
Control,2027-01-31 08:00:00,2027-01-31 08:29:00,112,NONE,45.0,19.990000000000002,123.755,52.53,67.88,76.85499999999999,1867.15,59.19,-1,0.0,-1,0.0
Control,2027-01-31 08:30:00,2027-01-31 08:59:00,113,NONE,45.0,20.01,123.705,52.54,67.85499999999999,76.93,1867.79,59.19,-1,0.0,-1,0.0
Control,2027-01-31 09:00:00,2027-01-31 09:29:00,114,NONE,45.0,19.985,123.79,52.52,67.89,76.765,1868.2350000000001,59.19,-1,0.0,-1,0.0
Control,2027-01-31 09:30:00,2027-01-31 09:59:00,115,NONE,45.0,19.93,123.72,52.52,67.86500000000001,76.95500000000001,1869.195,59.19,-1,0.0,-1,0.0
Control,2027-01-31 10:00:00,2027-01-31 10:29:00,116,NONE,45.0,19.98,123.935,52.51,67.89500000000001,76.98,1868.2350000000001,59.19,-1,0.0,-1,0.0
Control,2027-01-31 10:30:00,2027-01-31 10:59:00,117,NONE,45.0,20.0,124.08,52.49,67.95,76.96,1868.7849999999999,59.19,-1,0.0,-1,0.0
Control,2027-01-31 11:00:00,2027-01-31 11:29:00,118,NONE,45.0,20.01,124.22,52.485,67.91499999999999,76.92500000000001,1865.4450000000002,59.19,-1,0.0,-1,0.0
Control,2027-01-31 11:30:00,2027-01-31 11:59:00,119,NONE,45.0,19.98,124.045,52.5,67.875,76.93,1867.6950000000002,59.19,-1,0.0,-1,0.0
Control,2027-01-31 12:00:00,2027-01-31 12:29:00,120,NONE,45.0,20.07,124.155,52.474999999999994,67.945,76.97,1864.62,59.195,-1,0.0,-1,0.0
Control,2027-01-31 12:30:00,2027-01-31 12:59:00,121,NONE,45.0,19.99,124.17500000000001,52.48,68.01,76.86500000000001,1864.49,59.19,-1,0.0,-1,0.0
Control,2027-01-31 13:00:00,2027-01-31 13:29:00,122,NONE,45.0,19.97,124.14,52.48,68.0,76.735,1864.76,59.195,-1,0.0,-1,0.0
Control,2027-01-31 13:30:00,2027-01-31 13:59:00,123,NONE,45.0,20.02,124.06,52.49,68.01,76.84,1865.655,59.2,-1,0.0,-1,0.0
Control,2027-01-31 14:00:00,2027-01-31 14:29:00,124,NONE,45.0,20.0,123.765,52.525000000000006,67.795,76.74000000000001,1867.21,59.2,-1,0.0,-1,0.0
Control,2027-01-31 14:30:00,2027-01-31 14:59:00,125,NONE,45.0,19.965,123.91499999999999,52.51,67.73,76.785,1868.9299999999998,59.2,-1,0.0,-1,0.0
Control,2027-01-31 15:00:00,2027-01-31 15:29:00,126,NONE,45.0,19.945,124.0,52.51,67.745,76.805,1870.8,59.19,-1,0.0,-1,0.0
Control,2027-01-31 15:30:00,2027-01-31 15:59:00,127,NONE,45.0,20.02,124.045,52.5,67.745,76.87,1867.645,59.195,-1,0.0,-1,0.0
Control,2027-01-31 16:00:00,2027-01-31 16:29:00,128,NONE,45.0,20.015,123.945,52.5,67.83,76.975,1872.0,59.19,-1,0.0,-1,0.0
Control,2027-01-31 16:30:00,2027-01-31 16:59:00,129,NONE,45.0,20.03,124.17,52.45,67.85,76.775,1870.105,59.19,-1,0.0,-1,0.0
Control,2027-01-31 17:00:00,2027-01-31 17:29:00,130,NONE,45.0,19.96,124.205,52.46,67.775,76.86,1867.1750000000002,59.19,-1,0.0,-1,0.0
Control,2027-01-31 17:30:00,2027-01-31 17:59:00,131,NONE,45.0,19.98,124.215,52.48,67.84,76.62,1864.3200000000002,59.2,-1,0.0,-1,0.0
Control,2027-01-31 18:00:00,2027-01-31 18:29:00,132,NONE,45.0,19.98,124.00999999999999,52.49,67.82499999999999,76.82,1862.7,59.2,-1,0.0,-1,0.0
Control,2027-01-31 18:30:00,2027-01-31 18:59:00,133,NONE,45.0,19.994999999999997,124.10499999999999,52.46,67.82,76.89,1868.585,59.19,-1,0.0,-1,0.0
Control,2027-01-31 19:00:00,2027-01-31 19:29:00,134,NONE,45.0,19.87,124.07,52.48,67.81,76.57499999999999,1867.35,59.2,-1,0.0,-1,0.0
Control,2027-01-31 19:30:00,2027-01-31 19:59:00,135,NONE,45.0,19.975,124.055,52.49,67.78,76.725,1863.85,59.2,-1,0.0,-1,0.0
Control,2027-01-31 20:00:00,2027-01-31 20:29:00,136,NONE,45.0,19.935000000000002,124.12,52.48,67.845,76.815,1866.3600000000001,59.2,-1,0.0,-1,0.0
Control,2027-01-31 20:30:00,2027-01-31 20:59:00,137,NONE,45.0,20.05,123.955,52.5,67.82499999999999,76.77,1865.005,59.2,-1,0.0,-1,0.0
Control,2027-01-31 21:00:00,2027-01-31 21:29:00,138,NONE,45.0,20.0,123.815,52.495000000000005,67.76,76.815,1868.75,59.2,-1,0.0,-1,0.0
Control,2027-01-31 21:30:00,2027-01-31 21:59:00,139,NONE,45.0,20.015,123.785,52.5,67.815,76.75,1871.2649999999999,59.2,-1,0.0,-1,0.0
Control,2027-01-31 22:00:00,2027-01-31 22:29:00,140,NONE,45.0,20.0,124.025,52.48,67.92,76.725,1869.67,59.21,-1,0.0,-1,0.0
Control,2027-01-31 22:30:00,2027-01-31 22:59:00,141,NONE,45.0,20.08,124.10499999999999,52.49,67.97,76.86500000000001,1870.5549999999998,59.21,-1,0.0,-1,0.0
Control,2027-01-31 23:00:00,2027-01-31 23:29:00,142,NONE,45.0,20.045,124.21,52.48,67.875,76.765,1868.2,59.205,-1,0.0,-1,0.0
Control,2027-01-31 23:30:00,2027-01-31 23:59:00,143,NONE,45.0,19.97,124.23,52.5,67.86,76.69,1869.745,59.2,-1,0.0,-1,0.0
Control,2027-02-01 00:00:00,2027-02-01 00:29:00,144,NONE,45.0,19.975,123.91,52.52,67.88,76.69,1868.52,59.2,-1,0.0,-1,0.0
Control,2027-02-01 00:30:00,2027-02-01 00:59:00,145,NONE,45.0,20.025,123.92,52.52,67.82,76.985,1870.16,59.2,-1,0.0,-1,0.0
Control,2027-02-01 01:00:00,2027-02-01 01:29:00,146,NONE,45.0,19.994999999999997,124.08500000000001,52.52,67.86500000000001,76.89,1863.75,59.205,-1,0.0,-1,0.0
Control,2027-02-01 01:30:00,2027-02-01 01:59:00,147,NONE,45.0,20.01,123.89,52.51,67.9,76.82,1866.98,59.21,-1,0.0,-1,0.0
Control,2027-02-01 02:00:00,2027-02-01 02:29:00,148,NONE,45.0,19.96,123.905,52.51,67.88,76.86500000000001,1868.915,59.2,-1,0.0,-1,0.0
Control,2027-02-01 02:30:00,2027-02-01 02:59:00,149,NONE,45.0,19.91,124.015,52.5,67.8,76.725,1868.75,59.2,-1,0.0,-1,0.0
Control,2027-02-01 08:30:00,2027-02-01 08:59:00,161,NONE,50.0,19.97,113.92500000000001,53.24,66.535,83.37,2077.89,59.2,5,0.9999999999999218,5,0.7748752307243958
Control,2027-02-01 09:00:00,2027-02-01 09:29:00,162,NONE,50.0,20.005000000000003,113.715,53.24,66.54,83.45,2077.375,59.2,5,1.0,5,0.7558499694401479
Control,2027-02-01 09:30:00,2027-02-01 09:59:00,163,NONE,50.0,19.99,113.985,53.215,66.53,83.305,2079.615,59.2,5,1.0,5,0.7391761403986251
Control,2027-02-01 10:00:00,2027-02-01 10:29:00,164,NONE,50.0,19.94,114.065,53.21,66.52000000000001,83.42,2077.74,59.2,5,0.6666666666668927,5,0.8797320658905485
Control,2027-02-01 10:30:00,2027-02-01 10:59:00,165,NONE,50.0,19.95,114.05,53.2,66.54,83.3,2079.79,59.2,5,0.6666666666668927,5,0.7257294604954287
Control,2027-02-01 11:00:00,2027-02-01 11:29:00,166,NONE,50.0,20.01,114.235,53.19,66.6,83.26,2077.025,59.2,5,1.0,5,0.9835624954078701
Control,2027-02-01 11:30:00,2027-02-01 11:59:00,167,NONE,50.0,20.015,113.99,53.21,66.53,83.52000000000001,2076.435,59.19,5,1.0,5,1.0
Control,2027-02-01 12:00:00,2027-02-01 12:29:00,168,NONE,50.0,19.97,113.965,53.23,66.6,83.41,2076.885,59.2,5,0.9999999999999218,5,0.7589029595851523
Control,2027-02-01 12:30:00,2027-02-01 12:59:00,169,NONE,50.0,19.89,114.21,53.21,66.565,83.29,2077.835,59.2,5,0.2222222222222396,5,0.9176450724834475
Control,2027-02-01 13:00:00,2027-02-01 13:29:00,170,NONE,50.0,19.985,114.16499999999999,53.23,66.51,83.195,2078.285,59.2,5,1.0,5,0.8698226504134167
Control,2027-02-01 13:30:00,2027-02-01 13:59:00,171,NONE,50.0,19.994999999999997,113.94999999999999,53.25,66.49,83.33500000000001,2076.2200000000003,59.2,5,1.0,5,0.7967465999080545
Control,2027-02-01 14:00:00,2027-02-01 14:29:00,172,NONE,50.0,20.03,114.01,53.24,66.48,83.34,2071.54,59.2,5,1.0,5,0.7751125054872005
Control,2027-02-01 14:30:00,2027-02-01 14:59:00,173,NONE,50.0,20.064999999999998,114.08,53.22,66.38499999999999,83.445,2073.1000000000004,59.2,5,0.5000000000001761,5,0.7023615163746991
Control,2027-02-01 15:00:00,2027-02-01 15:29:00,174,NONE,50.0,20.06,114.31,53.21,66.36,83.21000000000001,2074.5150000000003,59.2,5,0.6666666666668927,5,0.7329641071324496
Control,2027-02-01 15:30:00,2027-02-01 15:59:00,175,NONE,50.0,20.0,113.8,53.25,66.43,83.24,2073.74,59.2,5,1.0,5,0.710898874695422
Control,2027-02-01 16:00:00,2027-02-01 16:29:00,176,NONE,50.0,19.975,113.78,53.25,66.47,83.345,2075.8900000000003,59.2,5,1.0,5,0.7749101755271882
Control,2027-02-01 16:30:00,2027-02-01 16:59:00,177,NONE,50.0,20.025,114.06,53.23,66.54,83.405,2076.105,59.2,5,1.0,5,0.8323330042911675
Control,2027-02-01 17:00:00,2027-02-01 17:29:00,178,NONE,50.0,19.97,113.91499999999999,53.235,66.6,83.43,2077.94,59.19,5,0.9999999999999218,5,0.9526606695940976
Control,2027-02-01 17:30:00,2027-02-01 17:59:00,179,NONE,50.0,19.975,113.97999999999999,53.235,66.67500000000001,83.33500000000001,2076.8999999999996,59.2,5,1.0,5,0.640376414524855
Control,2027-02-01 18:00:00,2027-02-01 18:29:00,180,NONE,50.0,20.01,113.695,53.25,66.66,83.435,2077.745,59.2,5,1.0,5,0.5983477889326054
Control,2027-02-01 18:30:00,2027-02-01 18:59:00,181,NONE,50.0,20.04,113.845,53.23,66.62,83.39500000000001,2077.085,59.2,5,1.0,5,0.7279758105124361
Control,2027-02-01 19:00:00,2027-02-01 19:29:00,182,NONE,50.0,19.98,113.875,53.23,66.58,83.345,2071.225,59.2,5,1.0,5,0.7403645616892663
Control,2027-02-01 19:30:00,2027-02-01 19:59:00,183,NONE,50.0,20.020000000000003,114.17500000000001,53.21,66.48,83.22999999999999,2076.45,59.2,5,1.0,5,0.9644110920552219
Control,2027-02-01 20:00:00,2027-02-01 20:29:00,184,NONE,50.0,20.02,113.845,53.24,66.45,83.33,2079.71,59.2,5,1.0,5,0.6232781596215207
Control,2027-02-01 20:30:00,2027-02-01 20:59:00,185,NONE,50.0,19.96,113.925,53.23,66.51,83.375,2080.94,59.2,5,1.0,5,0.6034916614378286
Control,2027-02-01 21:00:00,2027-02-01 21:29:00,186,NONE,50.0,19.965,114.1,53.22,66.59,83.21000000000001,2075.9449999999997,59.2,5,0.9999999999999218,5,0.8984441666909898
Control,2027-02-01 21:30:00,2027-02-01 21:59:00,187,NONE,50.0,19.97,114.10499999999999,53.22,66.58,83.27000000000001,2078.04,59.2,5,0.9999999999999218,5,0.8309383015106858
Control,2027-02-01 22:00:00,2027-02-01 22:29:00,188,NONE,50.0,20.01,114.12,53.23,66.57,83.28999999999999,2074.605,59.195,5,1.0,5,0.9135450718205417
Control,2027-02-01 22:30:00,2027-02-01 22:59:00,189,NONE,50.0,20.005000000000003,113.96000000000001,53.24,66.58,83.52000000000001,2068.1549999999997,59.2,5,1.0,5,0.5143186151921575
Control,2027-02-01 23:00:00,2027-02-01 23:29:00,190,NONE,50.0,20.03,114.035,53.254999999999995,66.53,83.35499999999999,2069.02,59.2,5,1.0,5,0.5954949063395912
Control,2027-02-01 23:30:00,2027-02-01 23:59:00,191,NONE,50.0,20.03,113.92500000000001,53.254999999999995,66.46,83.25,2075.175,59.21,5,1.0,5,0.7214339111292614
Control,2027-02-02 00:00:00,2027-02-02 00:29:00,192,NONE,50.0,20.0,114.07,53.25,66.435,83.155,2075.5299999999997,59.21,5,1.0,5,0.7449265328660662
Control,2027-02-02 00:30:00,2027-02-02 00:59:00,193,NONE,50.0,20.045,114.03999999999999,53.24,66.545,83.4,2076.6549999999997,59.21,5,1.0,5,0.7408261272213247
Control,2027-02-02 01:00:00,2027-02-02 01:29:00,194,NONE,50.0,20.0,114.09,53.23,66.545,83.455,2072.8500000000004,59.215,5,1.0,5,0.6891081170523266
Control,2027-02-02 01:30:00,2027-02-02 01:59:00,195,NONE,50.0,20.015,113.925,53.235,66.51,83.32499999999999,2076.49,59.21,5,1.0,5,0.7895504508957721
Control,2027-02-02 02:00:00,2027-02-02 02:29:00,196,NONE,50.0,20.035,114.245,53.21,66.505,83.27000000000001,2076.7700000000004,59.21,5,1.0,5,0.9285821722528628
Control,2027-02-02 02:30:00,2027-02-02 02:59:00,197,NONE,50.0,19.96,113.86,53.245000000000005,66.595,83.4,2076.4049999999997,59.22,5,1.0,5,0.5400402195902652
Control,2027-02-02 03:00:00,2027-02-02 03:29:00,198,NONE,50.0,20.01,114.195,53.21,66.535,83.27000000000001,2073.08,59.22,5,1.0,5,0.7358111641330073
Control,2027-02-02 03:30:00,2027-02-02 03:59:00,199,NONE,50.0,20.01,114.15,53.21,66.48,83.26,2068.825,59.21,5,1.0,5,0.5317265551266167
Control,2027-02-02 04:00:00,2027-02-02 04:29:00,200,NONE,50.0,19.97,114.10499999999999,53.21,66.515,83.305,2070.895,59.21,5,0.9999999999999218,5,0.7108255698192357
Control,2027-02-02 04:30:00,2027-02-02 04:59:00,201,NONE,50.0,20.005000000000003,114.035,53.2,66.525,83.39,2070.965,59.22,5,1.0,5,0.598856534556399
Control,2027-02-02 05:00:00,2027-02-02 05:29:00,202,NONE,50.0,19.99,114.19,53.21,66.515,83.3,2072.585,59.21,5,1.0,5,0.8391361022438989
Control,2027-02-02 05:30:00,2027-02-02 05:59:00,203,NONE,50.0,19.99,114.015,53.22,66.44,83.285,2070.505,59.22,5,1.0,5,0.5045089721819149
Control,2027-02-02 06:00:00,2027-02-02 06:29:00,204,NONE,50.0,20.01,114.11,53.21,66.515,83.24,2076.18,59.21,5,1.0,5,0.9379036620435067
Control,2027-02-02 06:30:00,2027-02-02 06:59:00,205,NONE,50.0,19.965,114.045,53.19,66.51,83.32499999999999,2074.0,59.21,5,0.9999999999999218,5,0.9203478598903457
Control,2027-02-02 07:00:00,2027-02-02 07:29:00,206,NONE,50.0,20.05,114.055,53.2,66.495,83.36,2075.48,59.21,5,1.0,5,0.8986327971504983
Control,2027-02-02 08:30:00,2027-02-02 08:59:00,209,NONE,50.0,24.865000000000002,114.685,53.17,66.52,83.07499999999999,2078.1400000000003,59.22,-1,0.0,5,0.7585873861960056
Control,2027-02-02 09:00:00,2027-02-02 09:29:00,210,NONE,50.0,25.06,114.83,53.17,66.49,82.95,2074.6949999999997,59.22,10,1.0,5,0.9642125155915785
Control,2027-02-02 09:30:00,2027-02-02 09:59:00,211,NONE,50.0,24.97,114.84,53.195,66.435,83.03999999999999,2074.73,59.22,6,1.0,5,0.7894890521290124
Control,2027-02-02 10:00:00,2027-02-02 10:29:00,212,NONE,50.0,24.925,114.845,53.18,66.48,83.005,2077.225,59.22,7,1.0,5,0.8008495820749952
Control,2027-02-02 10:30:00,2027-02-02 10:59:00,213,NONE,50.0,24.985,115.29,53.14,66.505,82.885,2076.105,59.21,12,0.0,5,1.0
Control,2027-02-02 11:00:00,2027-02-02 11:29:00,214,NONE,50.0,25.055,114.995,53.17,66.49,83.0,2074.08,59.22,10,1.0,5,0.9414909717382983
Control,2027-02-02 11:30:00,2027-02-02 11:59:00,215,NONE,50.0,25.064999999999998,114.875,53.18,66.485,82.985,2069.315,59.21,10,0.9999999999999989,5,0.6548950762095629
Control,2027-02-02 12:00:00,2027-02-02 12:29:00,216,NONE,50.0,25.055,114.96000000000001,53.17,66.54,82.96,2069.5150000000003,59.21,10,1.0,5,0.7141520450878874
Control,2027-02-02 12:30:00,2027-02-02 12:59:00,217,NONE,50.0,25.05,115.18,53.165,66.63499999999999,83.01,2075.92,59.21,10,1.0,5,0.9732961479100669
Control,2027-02-02 13:00:00,2027-02-02 13:29:00,218,NONE,50.0,24.985,115.025,53.17,66.66499999999999,83.07,2074.1,59.21,12,0.0,5,0.7979977211855238
Control,2027-02-02 13:30:00,2027-02-02 13:59:00,219,NONE,50.0,25.03,115.11,53.17,66.64,83.185,2074.3050000000003,59.21,9,1.0,5,0.948565206223916
Control,2027-02-02 14:00:00,2027-02-02 14:29:00,220,NONE,50.0,24.965,114.91,53.205,66.65,83.07,2074.335,59.21,6,1.0,5,0.8183542506286795
Control,2027-02-02 14:30:00,2027-02-02 14:59:00,221,NONE,50.0,24.93,115.01,53.18,66.65,83.03,2074.825,59.21,7,1.0,5,0.8904040978480184
Control,2027-02-02 15:00:00,2027-02-02 15:29:00,222,NONE,50.0,24.945,115.05000000000001,53.17,66.61,82.97999999999999,2074.26,59.2,7,1.0,5,1.0
Control,2027-02-02 15:30:00,2027-02-02 15:59:00,223,NONE,50.0,25.06,114.99,53.17,66.55,82.97999999999999,2073.9750000000004,59.2,10,1.0,5,1.0
Control,2027-02-02 16:00:00,2027-02-02 16:29:00,224,NONE,50.0,25.0,115.17500000000001,53.17,66.535,82.795,2073.335,59.2,-1,0.0,5,1.0
Control,2027-02-02 16:30:00,2027-02-02 16:59:00,225,NONE,50.0,24.994999999999997,115.05,53.17,66.515,83.03,2073.085,59.2,12,0.0,5,1.0
Control,2027-02-02 17:00:00,2027-02-02 17:29:00,226,NONE,50.0,24.99,115.165,53.17,66.525,82.96,2074.075,59.2,12,0.0,5,1.0
Control,2027-02-02 17:30:00,2027-02-02 17:59:00,227,NONE,50.0,25.0,115.05,53.16,66.61,83.085,2076.6400000000003,59.2,-1,0.0,5,1.0
Control,2027-02-02 18:00:00,2027-02-02 18:29:00,228,NONE,50.0,25.04,114.92,53.17,66.63,82.955,2075.895,59.2,9,1.0,5,1.0
Control,2027-02-02 18:30:00,2027-02-02 18:59:00,229,NONE,50.0,25.01,114.85,53.2,66.61,82.975,2074.165,59.2,8,1.0,5,1.0
Control,2027-02-02 19:00:00,2027-02-02 19:29:00,230,NONE,50.0,25.02,115.28,53.16,66.62,82.89,2074.795,59.2,8,1.0,5,1.0
Control,2027-02-02 19:30:00,2027-02-02 19:59:00,231,NONE,50.0,25.02,115.055,53.18,66.62,83.015,2076.285,59.2,8,1.0,5,1.0
Control,2027-02-02 20:00:00,2027-02-02 20:29:00,232,NONE,50.0,24.96,114.85,53.19,66.58,82.845,2073.51,59.2,6,1.0,5,1.0
Control,2027-02-02 20:30:00,2027-02-02 20:59:00,233,NONE,50.0,24.9,114.935,53.16,66.55,82.995,2075.855,59.19,-1,0.0,5,1.0
Control,2027-02-02 21:00:00,2027-02-02 21:29:00,234,NONE,50.0,24.965,115.005,53.16,66.58500000000001,82.82499999999999,2074.52,59.19,6,1.0,5,1.0
Control,2027-02-02 21:30:00,2027-02-02 21:59:00,235,NONE,50.0,24.98,115.19,53.15,66.57,82.91,2073.23,59.2,11,1.0,5,1.0
Control,2027-02-02 22:00:00,2027-02-02 22:29:00,236,NONE,50.0,25.1,114.945,53.17,66.535,83.0,2073.61,59.19,-1,0.0,5,1.0
Control,2027-02-02 22:30:00,2027-02-02 22:59:00,237,NONE,50.0,25.06,114.9,53.18,66.64,83.19,2072.95,59.19,10,1.0,5,1.0
Control,2027-02-02 23:00:00,2027-02-02 23:29:00,238,NONE,50.0,24.945,114.89500000000001,53.19,66.655,83.025,2074.43,59.19,7,1.0,5,1.0
Control,2027-02-02 23:30:00,2027-02-02 23:59:00,239,NONE,50.0,24.935000000000002,114.85,53.18,66.64500000000001,82.945,2075.29,59.19,7,0.9999999999999989,5,1.0
Control,2027-02-03 00:00:00,2027-02-03 00:29:00,240,NONE,50.0,25.01,114.95,53.17,66.73,82.94,2072.825,59.19,8,1.0,5,0.7191030266786561
Control,2027-02-03 00:30:00,2027-02-03 00:59:00,241,NONE,50.0,24.99,114.88499999999999,53.19,66.735,83.05,2076.085,59.19,12,0.0,5,0.7017030666033531
Control,2027-02-03 01:00:00,2027-02-03 01:29:00,242,NONE,50.0,24.985,114.975,53.15,66.72,82.83,2079.875,59.19,12,0.0,5,0.5639860540813691
Control,2027-02-03 01:30:00,2027-02-03 01:59:00,243,NONE,50.0,25.04,115.08500000000001,53.144999999999996,66.66,83.0,2077.51,59.18,9,1.0,5,1.0
Control,2027-02-03 02:00:00,2027-02-03 02:29:00,244,NONE,50.0,24.92,114.905,53.175,66.6,83.07499999999999,2077.58,59.18,-1,0.0,5,1.0
Control,2027-02-03 02:30:00,2027-02-03 02:59:00,245,NONE,50.0,24.93,114.85499999999999,53.16,66.55,83.07,2071.335,59.185,7,1.0,5,1.0
Control,2027-02-03 03:00:00,2027-02-03 03:29:00,246,NONE,50.0,24.994999999999997,114.965,53.15,66.515,83.035,2068.025,59.18,12,0.0,5,0.6515654580645561
Control,2027-02-03 03:30:00,2027-02-03 03:59:00,247,NONE,50.0,25.045,115.025,53.125,66.58500000000001,83.035,2067.4399999999996,59.18,10,1.0,5,0.5299664196408777
Control,2027-02-03 04:00:00,2027-02-03 04:29:00,248,NONE,50.0,25.07,115.11500000000001,53.12,66.54,83.04,2074.43,59.18,-1,0.0,5,1.0
Control,2027-02-03 04:30:00,2027-02-03 04:59:00,249,NONE,50.0,25.005000000000003,115.185,53.12,66.505,82.94999999999999,2078.98,59.18,8,1.0,5,0.9690610142780541
Control,2027-02-03 05:00:00,2027-02-03 05:29:00,250,NONE,50.0,24.994999999999997,114.845,53.14,66.505,83.17,2073.63,59.18,12,0.0,5,1.0
Control,2027-02-03 05:30:00,2027-02-03 05:59:00,251,NONE,50.0,25.01,115.16499999999999,53.114999999999995,66.47,82.95,2077.0550000000003,59.17,8,1.0,5,1.0
Control,2027-02-03 06:00:00,2027-02-03 06:29:00,252,NONE,50.0,25.0,114.88,53.125,66.49,83.08,2075.065,59.17,-1,0.0,5,1.0
Control,2027-02-03 06:30:00,2027-02-03 06:59:00,253,NONE,50.0,24.985,114.83,53.14,66.51,82.94999999999999,2074.465,59.17,12,0.0,5,1.0
Control,2027-02-03 07:00:00,2027-02-03 07:29:00,254,NONE,50.0,25.04,115.1,53.14,66.565,83.015,2078.3,59.17,9,1.0,5,1.0
Control,2027-02-03 11:30:00,2027-02-03 11:59:00,263,NONE,50.0,45.035,119.07,52.9,66.72,81.625,2077.5950000000003,59.18,3,0.0020387359836914784,4,0.20070915125808939
Control,2027-02-03 12:00:00,2027-02-03 12:29:00,264,NONE,50.0,45.01,119.08,52.875,66.695,81.565,2077.955,59.18,3,0.00202839756592428,4,0.1947498414531549
Control,2027-02-03 12:30:00,2027-02-03 12:59:00,265,NONE,50.0,45.05,118.9,52.88,66.72,81.6,2076.38,59.18,3,0.0020449897750524945,4,0.2096192744536055
Control,2027-02-03 13:00:00,2027-02-03 13:29:00,266,NONE,50.0,45.105000000000004,119.21,52.864999999999995,66.755,81.58,2073.1400000000003,59.18,3,0.002068252326785256,4,0.2455356938834093
Control,2027-02-03 13:30:00,2027-02-03 13:59:00,267,NONE,50.0,44.98,119.01,52.87,66.805,81.58,2070.2349999999997,59.18,3,0.002016129032259415,4,0.24683848636427833
Control,2027-02-03 14:00:00,2027-02-03 14:29:00,268,NONE,50.0,44.95,119.09,52.86,66.77,81.59,2074.1400000000003,59.185,3,0.0020040080160334097,4,0.26446471162396074
Control,2027-02-03 14:30:00,2027-02-03 14:59:00,269,NONE,50.0,45.015,119.03999999999999,52.855000000000004,66.79,81.685,2072.6,59.18,3,0.0020304568527932396,4,0.25692530457361196
Control,2027-02-03 15:00:00,2027-02-03 15:29:00,270,NONE,50.0,44.974999999999994,118.84,52.87,66.83,81.67500000000001,2075.1400000000003,59.19,3,0.0020140986908371993,4,0.31321412918397934
Control,2027-02-03 15:30:00,2027-02-03 15:59:00,271,NONE,50.0,45.015,119.055,52.86,66.79,81.65,2076.245,59.19,3,0.0020304568527932396,4,0.2805675905719248
Control,2027-02-03 16:00:00,2027-02-03 16:29:00,272,NONE,50.0,44.98,119.08500000000001,52.85,66.85,81.58500000000001,2074.1949999999997,59.19,3,0.002016129032259415,4,0.3682110791326388
Control,2027-02-03 16:30:00,2027-02-03 16:59:00,273,NONE,50.0,44.98,118.9,52.86,66.83,81.595,2078.7799999999997,59.19,3,0.002016129032259415,4,0.29005473962185585
Control,2027-02-03 17:00:00,2027-02-03 17:29:00,274,NONE,50.0,45.0,118.945,52.86,66.91,81.58500000000001,2079.55,59.19,3,0.002024291497977066,4,0.34958547879270707
Control,2027-02-03 17:30:00,2027-02-03 17:59:00,275,NONE,50.0,45.1,119.17500000000001,52.82,66.955,81.67,2077.3,59.19,3,0.002066115702480725,4,0.5101325879865288
Control,2027-02-03 18:00:00,2027-02-03 18:29:00,276,NONE,50.0,45.010000000000005,118.965,52.84,66.93,81.505,2074.2349999999997,59.19,3,0.0020283975659242826,4,0.49514039608876337
Control,2027-02-03 18:30:00,2027-02-03 18:59:00,277,NONE,50.0,45.045,118.845,52.85,66.845,81.72999999999999,2071.42,59.19,3,0.0020429009193067837,4,0.30465248230008424
Control,2027-02-03 19:00:00,2027-02-03 19:29:00,278,NONE,50.0,45.03,118.85499999999999,52.83,66.76,81.58,2074.695,59.19,3,0.0020366598778017737,4,0.2654178197056866
Control,2027-02-03 19:30:00,2027-02-03 19:59:00,279,NONE,50.0,45.045,119.13499999999999,52.82,66.78,81.53,2076.39,59.18,3,0.0020429009193067837,4,0.25957590503342803
Control,2027-02-03 20:00:00,2027-02-03 20:29:00,280,NONE,50.0,44.965,118.94,52.83,66.785,81.82499999999999,2074.54,59.18,3,0.0020100502512576304,4,0.2645082873124738
Control,2027-02-03 20:30:00,2027-02-03 20:59:00,281,NONE,50.0,45.01,118.89,52.85,66.82,81.65,2072.2200000000003,59.18,3,0.00202839756592428,4,0.2731752070309187
Control,2027-02-03 21:00:00,2027-02-03 21:29:00,282,NONE,50.0,44.97,119.11,52.84,66.83,81.63499999999999,2069.5,59.18,3,0.002012072434608995,4,0.25640437645472147
Control,2027-02-03 21:30:00,2027-02-03 21:59:00,283,NONE,50.0,44.945,119.15,52.85,66.81,81.625,2078.67,59.18,3,0.0020020020020033442,4,0.2576584150001965
Control,2027-02-03 22:00:00,2027-02-03 22:29:00,284,NONE,50.0,44.97,119.10499999999999,52.85,66.84,81.63,2079.24,59.18,3,0.002012072434608995,4,0.26627492550807963
Control,2027-02-03 22:30:00,2027-02-03 22:59:00,285,NONE,50.0,45.04,118.97,52.86,66.78,81.60499999999999,2076.3900000000003,59.19,3,0.0020408163265319803,4,0.26935285215445626
Control,2027-02-03 23:00:00,2027-02-03 23:29:00,286,NONE,50.0,45.03,118.985,52.85,66.68,81.44999999999999,2073.37,59.18,3,0.0020366598778017737,4,0.19847842547612288
Control,2027-02-03 23:30:00,2027-02-03 23:59:00,287,NONE,50.0,44.925,118.82499999999999,52.86,66.685,81.715,2075.605,59.19,3,0.001994017946162852,4,0.20890322637375563
Control,2027-02-04 00:00:00,2027-02-04 00:29:00,288,NONE,50.0,44.965,118.81,52.85,66.67500000000001,81.53,2076.5550000000003,59.19,3,0.0020100502512576304,4,0.20060027663641397
Control,2027-02-04 00:30:00,2027-02-04 00:59:00,289,NONE,50.0,45.03,118.925,52.864999999999995,66.69,81.67,2074.975,59.18,3,0.0020366598778017737,4,0.19879077966754075
Control,2027-02-04 01:00:00,2027-02-04 01:29:00,290,NONE,50.0,45.01,119.07,52.86,66.79,81.65,2076.035,59.19,3,0.00202839756592428,4,0.2832041547667851
Control,2027-02-04 01:30:00,2027-02-04 01:59:00,291,NONE,50.0,44.97,118.98,52.875,66.81,81.65,2074.895,59.19,3,0.002012072434608995,4,0.29814973943181877
Control,2027-02-04 02:00:00,2027-02-04 02:29:00,292,NONE,50.0,44.980000000000004,119.045,52.87,66.78,81.57499999999999,2075.01,59.19,3,0.002016129032259419,4,0.2753663037457217
Control,2027-02-04 02:30:00,2027-02-04 02:59:00,293,NONE,50.0,45.01,119.095,52.84,66.77,81.625,2073.755,59.19,3,0.00202839756592428,4,0.2686044518343614
Control,2027-02-04 03:00:00,2027-02-04 03:29:00,294,NONE,50.0,44.99,118.845,52.85,66.785,81.555,2074.87,59.18,3,0.0020202020202033763,4,0.25717055469652883
Control,2027-02-04 03:30:00,2027-02-04 03:59:00,295,NONE,50.0,45.025000000000006,119.095,52.86,66.77,81.405,2075.005,59.18,3,0.002034587995932191,4,0.2527771124174553
Control,2027-02-04 04:00:00,2027-02-04 04:29:00,296,NONE,50.0,44.935,119.12,52.87,66.83,81.405,2075.14,59.18,3,0.0019980019980033385,4,0.29453226003104654
Control,2027-02-04 04:30:00,2027-02-04 04:59:00,297,NONE,50.0,44.965,118.9,52.87,66.815,81.53999999999999,2077.6800000000003,59.18,3,0.0020100502512576304,4,0.25882367173413423
Control,2027-02-04 05:00:00,2027-02-04 05:29:00,298,NONE,50.0,44.97,119.055,52.86,66.79,81.57499999999999,2076.6400000000003,59.19,3,0.002012072434608995,4,0.2799159283016936
Control,2027-02-04 05:30:00,2027-02-04 05:59:00,299,NONE,50.0,44.99,118.8,52.86,66.67500000000001,81.535,2074.325,59.19,3,0.0020202020202033763,4,0.20245705408381806
Control,2027-02-04 06:00:00,2027-02-04 06:29:00,300,NONE,50.0,45.004999999999995,119.0,52.85,66.57499999999999,81.755,2075.125,59.19,3,0.002026342451875724,4,0.16215315243160888
Control,2027-02-04 06:30:00,2027-02-04 06:59:00,301,NONE,50.0,45.0,118.98,52.84,66.63,81.65,2075.14,59.18,3,0.002024291497977066,4,0.17642738846503328
Control,2027-02-04 07:00:00,2027-02-04 07:29:00,302,NONE,50.0,44.985,119.06,52.85,66.71,81.59,2071.2,59.19,3,0.0020181634712425245,4,0.21057683626627105
Control,2027-02-04 07:30:00,2027-02-04 07:59:00,303,NONE,50.0,44.94,119.16,52.83,66.62,81.7,2070.955,59.19,3,0.00200000000000134,4,0.17120254789992773
Control,2027-02-04 08:00:00,2027-02-04 08:29:00,304,NONE,50.0,44.965,119.295,52.82,66.72,81.57499999999999,2072.6,59.18,3,0.0020100502512576304,4,0.22822605536324453
Control,2027-02-04 08:30:00,2027-02-04 08:59:00,305,NONE,50.0,44.965,119.09,52.82,66.735,81.555,2072.99,59.18,3,0.0020100502512576304,4,0.2373824602886659
Control,2027-02-04 09:00:00,2027-02-04 09:29:00,306,NONE,50.0,45.05,119.065,52.825,66.75,81.595,2072.6099999999997,59.18,3,0.0020449897750524945,4,0.2425738480480434
Control,2027-02-04 09:30:00,2027-02-04 09:59:00,307,NONE,50.0,45.03,119.195,52.83,66.76,81.67500000000001,2081.01,59.185,3,0.0020366598778017737,4,0.2120889981320919
Control,2027-02-04 10:00:00,2027-02-04 10:29:00,308,NONE,50.0,44.98,119.19,52.835,66.71,81.54,2079.205,59.18,3,0.002016129032259415,4,0.19640239677468135
Control,2027-02-04 14:00:00,2027-02-04 14:29:00,316,NONE,50.0,25.03,114.945,53.16,66.57,82.85499999999999,2073.17,59.18,9,1.0,5,1.0
Control,2027-02-04 14:30:00,2027-02-04 14:59:00,317,NONE,50.0,25.035,115.11,53.16,66.61,82.82,2077.84,59.18,9,1.0,5,1.0
Control,2027-02-04 15:00:00,2027-02-04 15:29:00,318,NONE,50.0,24.99,114.945,53.16,66.68,83.01,2078.43,59.18,12,0.0,5,0.8218991287788388
Control,2027-02-04 15:30:00,2027-02-04 15:59:00,319,NONE,50.0,25.03,114.905,53.16,66.62,83.125,2080.415,59.18,9,1.0,5,0.709977912263831
Control,2027-02-04 16:00:00,2027-02-04 16:29:00,320,NONE,50.0,25.02,114.905,53.16,66.59,83.08,2077.0950000000003,59.18,8,1.0,5,1.0
Control,2027-02-04 16:30:00,2027-02-04 16:59:00,321,NONE,50.0,24.895,115.025,53.15,66.625,83.09,2076.175,59.18,-1,0.0,5,1.0
Control,2027-02-04 17:00:00,2027-02-04 17:29:00,322,NONE,50.0,24.975,114.835,53.17,66.595,83.065,2073.04,59.18,11,1.0,5,1.0
Control,2027-02-04 17:30:00,2027-02-04 17:59:00,323,NONE,50.0,24.985,115.02000000000001,53.17,66.53,83.115,2072.71,59.19,12,0.0,5,1.0
Control,2027-02-04 18:00:00,2027-02-04 18:29:00,324,NONE,50.0,25.0,114.75,53.17,66.515,83.01,2076.495,59.18,-1,0.0,5,1.0
Control,2027-02-04 18:30:00,2027-02-04 18:59:00,325,NONE,50.0,24.965,115.055,53.15,66.5,82.805,2078.27,59.18,6,1.0,5,1.0
Control,2027-02-04 19:00:00,2027-02-04 19:29:00,326,NONE,50.0,25.03,115.07,53.144999999999996,66.51,83.09,2075.4449999999997,59.18,9,1.0,5,1.0
Control,2027-02-04 19:30:00,2027-02-04 19:59:00,327,NONE,50.0,25.04,114.89,53.16,66.49,82.985,2071.615,59.18,9,1.0,5,1.0
Control,2027-02-04 20:00:00,2027-02-04 20:29:00,328,NONE,50.0,24.95,114.93,53.16,66.5,83.17500000000001,2074.055,59.18,7,1.0,5,1.0
Control,2027-02-04 20:30:00,2027-02-04 20:59:00,329,NONE,50.0,24.99,115.13499999999999,53.13,66.47,82.92,2074.15,59.17,12,0.0,5,1.0
Control,2027-02-04 21:00:00,2027-02-04 21:29:00,330,NONE,50.0,25.12,114.97,53.15,66.45,82.99,2071.6800000000003,59.17,-1,0.0,5,1.0
Control,2027-02-04 21:30:00,2027-02-04 21:59:00,331,NONE,50.0,25.01,114.95,53.15,66.46,82.98,2072.6,59.17,8,1.0,5,1.0
Control,2027-02-04 22:00:00,2027-02-04 22:29:00,332,NONE,50.0,24.9,115.07,53.14,66.5,83.12,2073.4300000000003,59.17,-1,0.0,5,1.0
Control,2027-02-04 22:30:00,2027-02-04 22:59:00,333,NONE,50.0,24.92,115.08,53.15,66.45,83.08,2072.54,59.17,-1,0.0,5,1.0
Control,2027-02-04 23:00:00,2027-02-04 23:29:00,334,NONE,50.0,24.97,115.045,53.15,66.375,82.965,2072.545,59.17,6,1.0,5,0.8416031755073448
Control,2027-02-04 23:30:00,2027-02-04 23:59:00,335,NONE,50.0,24.98,114.97,53.18,66.34,82.96,2071.3050000000003,59.17,11,1.0,5,0.646857861520842
